,Frequency_Hz,Amplitude,Phase_rad
0,54000.0,4.1298525802555145e-05,-0.2985057836135503
1,54009.03846906386,4.114759812231638e-05,-0.3124912301858542
2,54018.07845097819,4.157016127775991e-05,-0.30915389697115103
3,54027.11994599605,4.1902183117217115e-05,-0.3034729775465707
4,54036.162954370935,4.1275229895232876e-05,-0.31066444608243515
5,54045.20747635602,4.1386170973761956e-05,-0.30771110750587277
6,54054.253512204676,4.189720069942829e-05,-0.30958091860030074
7,54063.30106217028,4.101315862222363e-05,-0.303832052666727
8,54072.35012650625,4.12473840118561e-05,-0.29985272137078667
9,54081.400705465974,4.1473733596253216e-05,-0.30612760957006707
10,54090.45279930317,4.149545158575083e-05,-0.3081654476823817
11,54099.50640827131,4.153368219872897e-05,-0.3027073980313405
12,54108.561532623964,4.1817292646072925e-05,-0.31433972997870924
13,54117.61817261479,4.149065980148058e-05,-0.30981278608616314
14,54126.67632849748,4.1171740058075046e-05,-0.30886556675258425
15,54135.73600052565,4.1333534794327846e-05,-0.3125874260725671
16,54144.797188953286,4.1267838600663666e-05,-0.30777650685936414
17,54153.85989403409,4.112892385836818e-05,-0.3082500831162401
18,54162.924116021924,4.142285501943979e-05,-0.3230952522723282
19,54171.98985517069,4.1389484850915845e-05,-0.30478219416840696
20,54181.05711173431,4.163795847953251e-05,-0.31356500741022353
21,54190.125885966685,4.1609479311053576e-05,-0.3098345296910394
22,54199.19617812204,4.132616975042076e-05,-0.302459375243569
23,54208.26798845434,4.141320460921976e-05,-0.31406900390943243
24,54217.3413172177,4.158055692669774e-05,-0.2986526045850653
25,54226.41616466627,4.1042868171776166e-05,-0.2967221921767338
26,54235.492531054246,4.1610126657464955e-05,-0.3036993580753005
27,54244.570416635754,4.1792534518012265e-05,-0.31939525579382944
28,54253.6498216653,4.135902252149743e-05,-0.3153670614866471
29,54262.73074639709,4.1279054646716625e-05,-0.30646624563708985
30,54271.8131910855,4.077704379213588e-05,-0.32245025389339377
31,54280.89715598493,4.121362526093062e-05,-0.3115650411268824
32,54289.982641349845,4.156237292641298e-05,-0.3003668310660835
33,54299.06964743461,4.1674239431137075e-05,-0.3163010967826533
34,54308.158174494005,4.117526609355188e-05,-0.3029633965687163
35,54317.24822278248,4.200900282825331e-05,-0.3036905151823042
36,54326.33979255466,4.1538450129916665e-05,-0.30794979079903595
37,54335.432884065216,4.143031136463069e-05,-0.3172760002668781
38,54344.52749756885,4.1514332719112965e-05,-0.3097102253065174
39,54353.62363332021,4.169659164397894e-05,-0.29949081598125127
40,54362.72129157429,4.1069059885193175e-05,-0.31089537270610457
41,54371.82047258584,4.144333887504426e-05,-0.29818974535251164
42,54380.92117660972,4.137329291115127e-05,-0.3068298386032469
43,54390.02340390085,4.154352212164345e-05,-0.30617225127002345
44,54399.1271547142,4.127751535328899e-05,-0.3148091024009339
45,54408.23242930467,4.1131988201203934e-05,-0.3124259189413458
46,54417.33922792752,4.142113511551044e-05,-0.31889091456042573
47,54426.44755083773,4.1279208763440585e-05,-0.30916122897957476
48,54435.55739829044,4.159562438216493e-05,-0.3039866122403743
49,54444.668770540826,4.146600045744792e-05,-0.3008907034166602
50,54453.7816678441,4.130607833475224e-05,-0.3146354198458604
51,54462.89609045542,4.144964898804806e-05,-0.30476769018976135
52,54472.01203863031,4.118798893428271e-05,-0.2927325935889934
53,54481.12951262401,4.1299147246729775e-05,-0.3037547366427729
54,54490.2485126919,4.146364385747183e-05,-0.3198583971294816
55,54499.369039089426,4.135879503264941e-05,-0.30920208940709076
56,54508.49109207206,4.199899727261897e-05,-0.3044659798571209
57,54517.61467189519,4.1230992285160584e-05,-0.3134544794608869
58,54526.73977881463,4.1419605882972724e-05,-0.3027163673285998
59,54535.86641308586,4.1567685509868315e-05,-0.3072386869510467
60,54544.99457496452,4.1444675306655774e-05,-0.3042744126718325
61,54554.12426470631,4.12042862095069e-05,-0.3014237737736866
62,54563.25548256695,4.15109748859213e-05,-0.30619848521908477
63,54572.38822880212,4.121371716315479e-05,-0.3025246704458405
64,54581.522503667846,4.132227511193249e-05,-0.31311288969014545
65,54590.658307419886,4.1456659761921525e-05,-0.31708092461429194
66,54599.795640314136,4.127849693562896e-05,-0.30897706588395624
67,54608.93450260655,4.1810075418031854e-05,-0.3276651635730005
68,54618.074894553116,4.1565397161310586e-05,-0.3126393819980072
69,54627.216816409746,4.203002690467728e-05,-0.30376789888588357
70,54636.36026843275,4.112195099900425e-05,-0.3155719761019236
71,54645.50525087813,4.1599511052934894e-05,-0.3157527837486682
72,54654.65176400205,4.166217988713832e-05,-0.3189442404262715
73,54663.7998080607,4.116594247618734e-05,-0.31410349744884636
74,54672.94938331033,4.111380346980277e-05,-0.31187409419183076
75,54682.100490007135,4.107679513383073e-05,-0.30525671821995054
76,54691.253128407654,4.1736436270147065e-05,-0.31496012340089136
77,54700.40729876816,4.1360664897564785e-05,-0.3080991754801501
78,54709.563001345065,4.099182409988005e-05,-0.30000636828765714
79,54718.72023639482,4.1338108960812727e-05,-0.3155621768679251
80,54727.879004173956,4.1615091601635694e-05,-0.3187237559318803
81,54737.03930493888,4.115789787611374e-05,-0.3081970642192193
82,54746.201138946424,4.1466183844353246e-05,-0.31185392179671245
83,54755.3645064531,4.1322104680628384e-05,-0.3112511629430686
84,54764.529407715585,4.144540528703459e-05,-0.3142255910824436
85,54773.6958429906,4.153532722774798e-05,-0.295505007117171
86,54782.8638125349,4.164653199894364e-05,-0.31605224160011863
87,54792.03331660519,4.176612682152722e-05,-0.31430979582511265
88,54801.20435545853,4.140728651205969e-05,-0.31228421055474287
89,54810.3769293517,4.168409912930749e-05,-0.30052770372817567
90,54819.55103854164,4.153751480568609e-05,-0.3102357663588963
91,54828.72668328533,4.133449294203575e-05,-0.3087502167180886
92,54837.90386383977,4.1474308340526265e-05,-0.3165217744402564
93,54847.08258046193,4.169112275034358e-05,-0.3157677730096597
94,54856.26283340913,4.145546269247992e-05,-0.30306290804057456
95,54865.444622938405,4.091474084967906e-05,-0.30426244325129925
96,54874.62794930695,4.144412513758008e-05,-0.3099637691331647
97,54883.81281277201,4.135287073821525e-05,-0.31515595003951274
98,54892.99921359085,4.149387810042407e-05,-0.307526935568471
99,54902.18715202068,4.1843284974254656e-05,-0.3162720680161731
100,54911.376628319085,4.168878281203783e-05,-0.31562229115023366
101,54920.567642743365,4.09494257936335e-05,-0.30119808268578163
102,54929.760195550974,4.1013157782167806e-05,-0.2943442486916781
103,54938.954286999404,4.211705575198935e-05,-0.30946631551470555
104,54948.149917346185,4.128304520107327e-05,-0.3104835190894258
105,54957.347086848786,4.105786232934707e-05,-0.3207902246955314
106,54966.54579576506,4.168043072873379e-05,-0.31018425062353644
107,54975.74604435255,4.128991035948771e-05,-0.307934253362928
108,54984.947832868966,4.135517747997782e-05,-0.3058716026421129
109,54994.151161572074,4.0958062791482785e-05,-0.3148051446761265
110,55003.35603071965,4.139650945952392e-05,-0.3209424610044193
111,55012.56244056944,4.165640902994626e-05,-0.3130859116246263
112,55021.770391379534,4.170686672286075e-05,-0.30202578028474253
113,55030.979883407745,4.136980537133216e-05,-0.31544619065517204
114,55040.19091691205,4.139419845004448e-05,-0.32456475103840876
115,55049.40349215045,4.142494438158926e-05,-0.31088925483243246
116,55058.617609381006,4.115578123568293e-05,-0.3077943235453054
117,55067.8332688617,4.117763124778123e-05,-0.3268401338214954
118,55077.0504708509,4.125955384299611e-05,-0.3149174671278713
119,55086.26921560668,4.1412202513325725e-05,-0.313403400670392
120,55095.48950338725,4.136925554118085e-05,-0.3173895832854052
121,55104.7113344509,4.1600513440127886e-05,-0.30708464059547186
122,55113.934709055924,4.153813615989606e-05,-0.3105009775346659
123,55123.15962746058,4.137336584504624e-05,-0.31910921330790143
124,55132.3860899235,4.128482324653239e-05,-0.31856877836502456
125,55141.61409670299,4.1140439546129016e-05,-0.3097577802438485
126,55150.84364805756,4.170523039492816e-05,-0.3024492077048479
127,55160.07474424573,4.1331067035457475e-05,-0.30772021709373854
128,55169.30738552607,4.112804340050769e-05,-0.30554538211189786
129,55178.54157215709,4.1847025272575165e-05,-0.3055812390959592
130,55187.77730439766,4.1368731616309616e-05,-0.31193164628218956
131,55197.014582506396,4.141213084774885e-05,-0.303356270647225
132,55206.25340674202,4.154363224819361e-05,-0.30279608161343285
133,55215.49377736333,4.160369664603455e-05,-0.3152436270683559
134,55224.735694629155,4.1261424940974576e-05,-0.320666678610097
135,55233.97915879827,4.141744384936029e-05,-0.3078125978993711
136,55243.224170129804,4.171943144468722e-05,-0.31796589680098325
137,55252.47072888262,4.148724767411731e-05,-0.3078994526124595
138,55261.71883531571,4.127330200045196e-05,-0.3015384504292844
139,55270.96848968814,4.15593564742992e-05,-0.3074560743334069
140,55280.21969225899,4.1680202570805386e-05,-0.31680664014838894
141,55289.47244328728,4.147547467592799e-05,-0.3139754174133284
142,55298.726743032435,4.126570401061997e-05,-0.32061619410155145
143,55307.98259175355,4.196393266092194e-05,-0.303746747621316
144,55317.23998970989,4.074853033087098e-05,-0.31658126994844477
145,55326.498937160766,4.164869845515594e-05,-0.32033033935110933
146,55335.75943436554,4.152013772660212e-05,-0.29862004945994824
147,55345.02148158348,4.118579106955452e-05,-0.3175795398623185
148,55354.28507907426,4.156724580251675e-05,-0.30655561162818873
149,55363.55022709725,4.150124707062691e-05,-0.3108161687154555
150,55372.81692591198,4.165406656675303e-05,-0.3012163790087013
151,55382.08517577802,4.147473720923791e-05,-0.3159032434514905
152,55391.35497695497,4.158918564203231e-05,-0.3032748638790952
153,55400.6263297024,4.1557968179222566e-05,-0.30902204461062266
154,55409.89923428021,4.1690905293909406e-05,-0.3092477232653075
155,55419.17369094804,4.146923713957097e-05,-0.30615426057877315
156,55428.44969996568,4.125347103287205e-05,-0.3107186597195787
157,55437.72726159296,4.167731037974984e-05,-0.3016628526180473
158,55447.006376089754,4.147093264609676e-05,-0.297936842893265
159,55456.28704371587,4.1234788713092855e-05,-0.3134045115406214
160,55465.569264731486,4.1413696036791346e-05,-0.31073222758346386
161,55474.853039396505,4.1949772086585076e-05,-0.30457192621828366
162,55484.13836797097,4.148619964035514e-05,-0.30068147622945796
163,55493.42525071497,4.1682604940661846e-05,-0.31742975793880496
164,55502.71368788865,4.119318594983946e-05,-0.3131269587115823
165,55512.003679752066,4.171340789228001e-05,-0.31634450455511753
166,55521.29522656567,4.161405830655916e-05,-0.3099101638132927
167,55530.58832858962,4.18799815487124e-05,-0.3068830780837132
168,55539.882986084216,4.106469747731552e-05,-0.31795299097112795
169,55549.179199309816,4.1745993216998725e-05,-0.3062536554466863
170,55558.47696852682,4.160762442358255e-05,-0.28989092876031414
171,55567.77629399554,4.104147680762507e-05,-0.3038378988262536
172,55577.077175976716,4.177371438308174e-05,-0.3143765513187414
173,55586.37961473074,4.169366248816434e-05,-0.3042583166301772
174,55595.68361051818,4.130062363631173e-05,-0.30617910957495764
175,55604.98916359966,4.120656134594614e-05,-0.3104577950229661
176,55614.29627423584,4.1363509119335595e-05,-0.3103014274138328
177,55623.604942687314,4.163964453075664e-05,-0.31444425456118036
178,55632.91516921503,4.133745580468599e-05,-0.31010912638431515
179,55642.2269540797,4.121710060159449e-05,-0.3044425669184835
180,55651.540297542124,4.165629491235747e-05,-0.3013484946763852
181,55660.855199863196,4.1537159235480764e-05,-0.31468361377532755
182,55670.17166130383,4.1673361214298326e-05,-0.30498631580733304
183,55679.48968212488,4.098048609839164e-05,-0.31232636786508994
184,55688.80926258757,4.177636373050962e-05,-0.3167830919738466
185,55698.13040295286,4.170476708502584e-05,-0.307840222943976
186,55707.45310348183,4.1260473181693536e-05,-0.3179549636413915
187,55716.77736443562,4.130056474351565e-05,-0.31700340624401785
188,55726.10318607541,4.1472639731526086e-05,-0.31053772888961495
189,55735.43056866232,4.1302784283532356e-05,-0.3294620424032125
190,55744.75951245784,4.1129937618522074e-05,-0.31447648291111013
191,55754.09001772317,4.140246091698888e-05,-0.3213826613403126
192,55763.42208471967,4.122120477151119e-05,-0.3055637602374838
193,55772.75571370875,4.1422062920450884e-05,-0.3030465189626891
194,55782.09090495184,4.1497423909004734e-05,-0.3187173109419721
195,55791.42765871032,4.1665813915374214e-05,-0.3145133468434266
196,55800.76597524595,4.1376421312757466e-05,-0.3170147470486817
197,55810.1058548202,4.111452101312945e-05,-0.30916410613932566
198,55819.44729769468,4.1091574508338055e-05,-0.30570381903945
199,55828.79030413106,4.1485635963425415e-05,-0.3173654668079087
200,55838.134874391035,4.15044020614243e-05,-0.31002138231851506
201,55847.48100873626,4.1598406967022036e-05,-0.3144323027904758
202,55856.828707428744,4.148116062880004e-05,-0.3115827012977373
203,55866.17797073022,4.162706830288551e-05,-0.30865601478853183
204,55875.52879890257,4.108745238411632e-05,-0.30016164559015757
205,55884.881192207715,4.158163320556435e-05,-0.3163729707601091
206,55894.23515090763,4.1726670601556334e-05,-0.31314532619005336
207,55903.590675264226,4.1528209587411506e-05,-0.3093526593263363
208,55912.94776553977,4.113496378296707e-05,-0.3134852998610902
209,55922.306421996254,4.143265442039433e-05,-0.31034525162358373
210,55931.666644895835,4.16206717465645e-05,-0.31511548134497247
211,55941.028434500695,4.1583117449214814e-05,-0.2959830747739421
212,55950.39179107307,4.136960061801682e-05,-0.3093974524595532
213,55959.75671487511,4.140532109513017e-05,-0.3050446640749315
214,55969.12320616939,4.1412338178352633e-05,-0.30938246401959213
215,55978.491265218145,4.1957189087648e-05,-0.31090178512167366
216,55987.86089228378,4.130264278066238e-05,-0.30226560903090866
217,55997.23208762876,4.316055539020754e-05,-0.31272369196796385
218,56006.60485151558,4.057917621125532e-05,-0.2989041026778184
219,56015.97918420666,4.132761467927632e-05,-0.3205554581103529
220,56025.355085964824,4.1562483776815496e-05,-0.290998529573593
221,56034.73255705257,4.131256533362285e-05,-0.3128809564304847
222,56044.11159773259,4.108588605979874e-05,-0.3092169229974225
223,56053.49220826759,4.081474176503656e-05,-0.30757233435621156
224,56062.87438892033,4.127627224820497e-05,-0.3207863224324582
225,56072.258139953505,4.1221102401147604e-05,-0.31595638484757343
226,56081.64346163019,4.1309879331237606e-05,-0.30918933351474226
227,56091.03035421317,4.1988664521999776e-05,-0.3079948678055227
228,56100.41881796537,4.162549949927193e-05,-0.31360883244152116
229,56109.808853149785,4.152164509101464e-05,-0.32305395697246725
230,56119.200460029424,4.160681930264206e-05,-0.3091672452519568
231,56128.59363886725,4.119989030320581e-05,-0.29969621602532204
232,56137.988389926606,4.16969331725287e-05,-0.3206631020782275
233,56147.384713470536,4.152814726294641e-05,-0.3174999235145491
234,56156.78260976223,4.1025551553494406e-05,-0.31119623519233885
235,56166.18207906494,4.137277283502548e-05,-0.3050535860728712
236,56175.58312164197,4.113656326310424e-05,-0.31467950435002934
237,56184.98573775651,4.1307680101222995e-05,-0.30650336201592804
238,56194.389927672186,4.13845310287564e-05,-0.3115220473595197
239,56203.795691652296,4.128455189738447e-05,-0.3089387320157095
240,56213.203029960314,4.113904184541247e-05,-0.3163456427392934
241,56222.611942859745,4.105654300632589e-05,-0.3186590214342134
242,56232.02243061414,4.0941922866169714e-05,-0.3104106656889317
243,56241.43449348698,4.171416885387595e-05,-0.31583963931690795
244,56250.84813174214,4.13287573120886e-05,-0.3100786103987982
245,56260.2633456432,4.1308674232124035e-05,-0.31871581019156325
246,56269.68013545388,4.1374297754611386e-05,-0.3095163627419997
247,56279.09850143795,4.124733917860716e-05,-0.3234915328378636
248,56288.51844385923,4.080422807753002e-05,-0.32342493349860896
249,56297.93996298149,4.123674250028452e-05,-0.31305509777598717
250,56307.36305906883,4.156007697905474e-05,-0.31994600733919937
251,56316.78773238511,4.143208502127186e-05,-0.31439043053385096
252,56326.21398319433,4.163186211852307e-05,-0.3000735653208785
253,56335.64181176051,4.1278590099290646e-05,-0.3116879767573596
254,56345.071218347744,4.1481499042580234e-05,-0.3062417115140004
255,56354.50220322004,4.1302975832805436e-05,-0.3088608246514738
256,56363.93476664181,4.144450747035788e-05,-0.304197066880995
257,56373.36890887714,4.178342350178868e-05,-0.3080145724397908
258,56382.80463019031,4.113748194930507e-05,-0.30362639227269267
259,56392.2419308456,4.145804859282509e-05,-0.31302249302870966
260,56401.680811107384,4.1379228799946686e-05,-0.3098176861117724
261,56411.12127123992,4.1313279665319395e-05,-0.29894796975001886
262,56420.56331150788,4.144129705420458e-05,-0.3179599364585641
263,56430.006932175645,4.167094673804004e-05,-0.31284967546762654
264,56439.45213350772,4.110772546549593e-05,-0.31680267301421944
265,56448.89891576869,4.104650016455681e-05,-0.30615326851218844
266,56458.34727922316,4.111793263330425e-05,-0.31357172131614686
267,56467.79722413568,4.129549037412136e-05,-0.31954018391971245
268,56477.24875077118,4.1430163708326295e-05,-0.31533836551808514
269,56486.70185939429,4.092100239362088e-05,-0.2948855876212759
270,56496.156550269814,4.124661022251251e-05,-0.30787086061917157
271,56505.612823662574,4.105632032282262e-05,-0.30857468623873296
272,56515.07067983745,4.154667928761515e-05,-0.3094688633900155
273,56524.53011905926,4.124946210930137e-05,-0.3045445549697844
274,56533.9911415932,4.114674833320512e-05,-0.30534927634976583
275,56543.45374770417,4.1506032111905236e-05,-0.30861111878899616
276,56552.917937657214,4.185144508184077e-05,-0.31193355182692967
277,56562.383711717455,4.12915531572249e-05,-0.3092867590211215
278,56571.85107015003,4.0896674329750035e-05,-0.3257985485336067
279,56581.32001322001,4.102357257756221e-05,-0.31366587563250603
280,56590.790541192866,4.1644015023245475e-05,-0.3146287068753671
281,56600.262654333754,4.1443954767772055e-05,-0.32179345695385453
282,56609.73635290802,4.1260543457094195e-05,-0.3180030243376569
283,56619.211637181004,4.1596507862384985e-05,-0.3077923827138621
284,56628.688507418134,4.102889161346109e-05,-0.3154132944507694
285,56638.16696388475,4.1547799724588046e-05,-0.3100454536406281
286,56647.64700684659,4.1576273877984e-05,-0.31398420316915415
287,56657.128636569076,4.163398954498182e-05,-0.3045739889684565
288,56666.6118533178,4.120511783191285e-05,-0.31525875130447467
289,56676.0966573584,4.1402676298881596e-05,-0.30170109687696145
290,56685.58304895655,4.1845889940009e-05,-0.30234330007956706
291,56695.07102837787,4.1583213230919803e-05,-0.3114842129197495
292,56704.56059588834,4.1607967434364196e-05,-0.30895596081137067
293,56714.05175175368,4.106583893119914e-05,-0.30867944906799466
294,56723.54449623973,4.127687001430192e-05,-0.2989431926595513
295,56733.03882961239,4.122227863140866e-05,-0.3267438579551267
296,56742.53475213763,4.123157951435274e-05,-0.30479235461141857
297,56752.0322640813,4.098374925882335e-05,-0.31225047619750296
298,56761.53136570968,4.175986924531188e-05,-0.3060710345360701
299,56771.03205728873,4.096230509134976e-05,-0.31273663817548325
300,56780.534339084574,4.169766100083707e-05,-0.3167868191000781
301,56790.03821136338,4.124082689098258e-05,-0.29498145053000285
302,56799.54367439137,4.1617497740072165e-05,-0.3256443333866975
303,56809.05072843467,4.156855937836494e-05,-0.3240600227640333
304,56818.55937375983,4.128323469542373e-05,-0.3102221616387992
305,56828.06961063307,4.1186414549638495e-05,-0.31760436806137565
306,56837.5814393208,4.142808917340767e-05,-0.31873305554340087
307,56847.09486008943,4.133794744585299e-05,-0.29797341078944733
308,56856.60987320546,4.153257245756501e-05,-0.3098376733715787
309,56866.12647893529,4.152224041760552e-05,-0.31757346156143057
310,56875.64467754574,4.1166561996611003e-05,-0.31936851287526963
311,56885.16446930328,4.1283980256201925e-05,-0.3115116729100315
312,56894.68585447459,4.172891365342065e-05,-0.3120383170633216
313,56904.20883332637,4.141880384825974e-05,-0.316791689821403
314,56913.733406125364,4.217041197634618e-05,-0.3119689406042016
315,56923.25957313825,4.1610942819500575e-05,-0.3137645301496526
316,56932.787334632114,4.1363887077250736e-05,-0.3119419645359699
317,56942.316690873704,4.130105084029139e-05,-0.3216956559197885
318,56951.84764212995,4.149398679585866e-05,-0.31778546305171396
319,56961.38018866783,4.1256395017590706e-05,-0.32050911115339703
320,56970.914330754356,4.124340516936614e-05,-0.31077636222214894
321,56980.45006865647,4.123518634603103e-05,-0.3234691672180118
322,56989.98740264152,4.161047931988312e-05,-0.31074746783949886
323,56999.526332976544,4.143570157198886e-05,-0.31668621416012754
324,57009.06685992872,4.12508403917e-05,-0.3041667787126843
325,57018.6089837653,4.1242932744887196e-05,-0.3039100205929432
326,57028.15270475357,4.114835197410431e-05,-0.3134594902244988
327,57037.69802316074,4.13085029042751e-05,-0.30408523352617
328,57047.244939254415,4.13774699241568e-05,-0.3114183786767829
329,57056.7934533019,4.1583311614461114e-05,-0.3069654977258004
330,57066.343565570656,4.124797152869854e-05,-0.3067369408476697
331,57075.89527632821,4.195761130521647e-05,-0.3159795815857701
332,57085.44858584209,4.135070007691525e-05,-0.3127717147652193
333,57095.00349437979,4.120921861630764e-05,-0.3147950411120583
334,57104.56000220918,4.166554553147243e-05,-0.31688657982770796
335,57114.11810959784,4.181549703769219e-05,-0.30180462625064547
336,57123.6778168135,4.1507399133647595e-05,-0.3065916243163956
337,57133.23912412394,4.116962842931216e-05,-0.3227036707743384
338,57142.80203179697,4.157541789377768e-05,-0.3141243182020236
339,57152.36654010035,4.135813575685753e-05,-0.30733298467530007
340,57161.93264930224,4.160235718073627e-05,-0.3041377266487297
341,57171.50035967045,4.12770488730115e-05,-0.3226855169800843
342,57181.069671473,4.1655011056343124e-05,-0.3135522713043013
343,57190.64058497793,4.195160128839487e-05,-0.3123138408673532
344,57200.213100453344,4.070476078489958e-05,-0.3117934561109273
345,57209.78721816724,4.127501996518957e-05,-0.30744165289167125
346,57219.362938388054,4.100278203281723e-05,-0.31114008641599394
347,57228.94026138388,4.133935037352282e-05,-0.3136458543897546
348,57238.519187423,4.140970500416998e-05,-0.3192255888733257
349,57248.09971677372,4.109708792544886e-05,-0.3082908891220294
350,57257.681849704415,4.143257921300483e-05,-0.3100982598091829
351,57267.26558648336,4.170937192154844e-05,-0.3181965881273307
352,57276.850927379244,4.133782218543531e-05,-0.31171310760532994
353,57286.43787266044,4.14996600780974e-05,-0.3156522905115463
354,57296.0264225955,4.154925157016887e-05,-0.3073080534783591
355,57305.616577453,4.1672341540777787e-05,-0.3067939491634575
356,57315.20833750158,4.145916844879751e-05,-0.32764357073750144
357,57324.80170300978,4.111240938516085e-05,-0.3157729644715514
358,57334.396674246585,4.102597148304387e-05,-0.3154039173097876
359,57343.99325148061,4.1324951437386924e-05,-0.3207729986982662
360,57353.59143498069,4.141023260270104e-05,-0.3127331483081396
361,57363.19122501567,4.152840583616916e-05,-0.3244022423406462
362,57372.792621854445,4.1153136592756044e-05,-0.300813952716464
363,57382.39562576585,4.1144958265312307e-05,-0.31077905047127086
364,57392.00023701911,4.178539237981181e-05,-0.32111883075141057
365,57401.60645588314,4.109757919160511e-05,-0.29786112541789445
366,57411.21428262703,4.186811712086513e-05,-0.30877891739319546
367,57420.82371751989,4.1550937229689874e-05,-0.3108089873634997
368,57430.434760830896,4.131977837706904e-05,-0.3069751385103187
369,57440.04741282915,4.1739117447146844e-05,-0.3151895533121898
370,57449.661673784154,4.155482486219759e-05,-0.3166842621311006
371,57459.27754396508,4.1399909255850084e-05,-0.3027746050763979
372,57468.89502364129,4.129548979154557e-05,-0.31399562714915064
373,57478.51411308217,4.2237033080667555e-05,-0.31101631073316977
374,57488.134812557175,4.155957276152511e-05,-0.30881558487596134
375,57497.757122335664,4.1017186087474135e-05,-0.3071337483996506
376,57507.381042687404,4.0819913199594655e-05,-0.308202991234521
377,57517.00657388186,4.102637355891576e-05,-0.3136229544653784
378,57526.63371618864,4.12284161710694e-05,-0.311490491838924
379,57536.262469877416,4.1351084326272e-05,-0.3198496721183956
380,57545.892835217914,4.167474400740956e-05,-0.3131333360987756
381,57555.52481247975,4.148316644561695e-05,-0.3058104389853133
382,57565.158401932975,4.135593331796027e-05,-0.30249463779440383
383,57574.79360384732,4.130181689504392e-05,-0.30693254664727876
384,57584.430418492666,4.149618305343951e-05,-0.3170153702361897
385,57594.068846138965,4.1629670909600097e-05,-0.3197758429404904
386,57603.708887056186,4.106071939421709e-05,-0.3083704512643148
387,57613.35054151425,4.1551093749057e-05,-0.3068121384888762
388,57622.99380978345,4.1557992463621595e-05,-0.3168545719228288
389,57632.63869213381,4.13788457370821e-05,-0.3000968764367345
390,57642.28518883548,4.127986283183088e-05,-0.3097888161421329
391,57651.93330015866,4.096605742864669e-05,-0.31316071202809487
392,57661.58302637361,4.123949343904675e-05,-0.3115467871018303
393,57671.23436775052,4.123616947280593e-05,-0.30574521214977096
394,57680.88732455997,4.1350687984178344e-05,-0.3102771648952316
395,57690.54189707222,4.196619630008871e-05,-0.3060269608642845
396,57700.198085557706,4.1289748598707665e-05,-0.31560159937137383
397,57709.85589028691,4.166961544468301e-05,-0.3022885932269285
398,57719.51531153037,4.121834790647691e-05,-0.31309305860895287
399,57729.176349558526,4.121544276381781e-05,-0.3166301834775823
400,57738.83900464223,4.180503431053729e-05,-0.3114806794448758
401,57748.50327705203,4.108260847821767e-05,-0.3093659982076599
402,57758.16916705862,4.097929707639786e-05,-0.31097427400827626
403,57767.83667493277,4.12122628055852e-05,-0.31065175553356683
404,57777.50580094527,4.139923460039972e-05,-0.3071399612039309
405,57787.17654536684,4.146433070745165e-05,-0.311814320787609
406,57796.84890846861,4.144078789012746e-05,-0.30043028378613995
407,57806.52289052139,4.137747095924047e-05,-0.29657228163924015
408,57816.19849179616,4.156987327425415e-05,-0.3149717173857488
409,57825.875712563946,4.125191714890065e-05,-0.3048130191902783
410,57835.55455309582,4.1615202333320577e-05,-0.304026458736782
411,57845.23501366277,4.107972920904199e-05,-0.3106668162815123
412,57854.9170945362,4.1808211584195765e-05,-0.31199470909950916
413,57864.60079598719,4.164277258703893e-05,-0.3103270393112238
414,57874.286118287,4.1372123674621416e-05,-0.32528011062735773
415,57883.973061706914,4.138075864131679e-05,-0.30076399631688167
416,57893.66162651828,4.1378923944626444e-05,-0.3024515158023222
417,57903.351812992376,4.111067264990021e-05,-0.314343908474474
418,57913.04362140086,4.1051425683225686e-05,-0.3148944323212688
419,57922.73705201509,4.097112185591996e-05,-0.3179692373301356
420,57932.432105106585,4.1213297699065255e-05,-0.32342405814226494
421,57942.128780946936,4.1452525765633e-05,-0.30634747917790994
422,57951.827079807736,4.130205462125125e-05,-0.3069882386197453
423,57961.52700196053,4.156995454162518e-05,-0.3029623709447435
424,57971.22854767727,4.186207430483003e-05,-0.3151236495649285
425,57980.93171722957,4.117382448509235e-05,-0.324985064978833
426,57990.63651088924,4.13837540723466e-05,-0.30200683317590976
427,58000.34292892813,4.1356639337220326e-05,-0.32153595066803203
428,58010.050971618104,4.1818333922819014e-05,-0.3148677126224626
429,58019.76063923099,4.131827938560779e-05,-0.30350893224119424
430,58029.47193203901,4.1621783813649355e-05,-0.30398368915676943
431,58039.18485031405,4.1322325279340045e-05,-0.3079919915538852
432,58048.89939432819,4.153862081873934e-05,-0.31334688005079536
433,58058.615564353546,4.093331507342082e-05,-0.32411858190955045
434,58068.33336066228,4.1584605975394186e-05,-0.3070555647237452
435,58078.052783526466,4.154354502387869e-05,-0.30987065320236995
436,58087.773833218605,4.077538958320827e-05,-0.30189969987232534
437,58097.49651001087,4.1193087003481415e-05,-0.31738665629712887
438,58107.22081417561,4.120257706936801e-05,-0.31804506616237643
439,58116.94674598521,4.1164404813747106e-05,-0.30919829857545833
440,58126.6743057121,4.1047045913432787e-05,-0.3003688929154618
441,58136.40349362863,4.1496223258552633e-05,-0.302138699111913
442,58146.13431000759,4.137003759646416e-05,-0.31446179903843585
443,58155.86675512142,4.141995631673512e-05,-0.31004650257561467
444,58165.60082924272,4.1466252093846096e-05,-0.3045130409886471
445,58175.33653264418,4.1398104169137115e-05,-0.3079521981779986
446,58185.073865598475,4.130377810580179e-05,-0.3116182438084643
447,58194.812828378264,4.124992235099586e-05,-0.30840113553426285
448,58204.553421256576,4.102945561720736e-05,-0.3076586474024788
449,58214.29564450614,4.1084820413460984e-05,-0.31216311578395645
450,58224.039498399834,4.1425301340360804e-05,-0.3111776515612693
451,58233.78498321061,4.1206704645355606e-05,-0.3220541264234585
452,58243.532099211436,4.157057676215615e-05,-0.30679231802723805
453,58253.280846675225,4.128678178773159e-05,-0.31173579771814036
454,58263.03122587529,4.132859055440682e-05,-0.32017314710003053
455,58272.78323708463,4.137941706764453e-05,-0.3026626271064921
456,58282.5368805764,4.112897258791047e-05,-0.31875021013277943
457,58292.29215662382,4.150839406274815e-05,-0.3146042937517974
458,58302.04906550015,4.133358082661165e-05,-0.3124738002249906
459,58311.80760747856,4.088600601351055e-05,-0.30813879008490747
460,58321.567782832644,4.133377359877398e-05,-0.315721882865776
461,58331.32959183567,4.1434901898341705e-05,-0.31147314770753887
462,58341.09303476108,4.158637740502013e-05,-0.3052840091848058
463,58350.85811188235,4.105760461186733e-05,-0.3130672305665383
464,58360.62482347302,4.1123320268114545e-05,-0.3096711595735824
465,58370.39316980655,4.164321180705965e-05,-0.32200071508635264
466,58380.1631511568,4.131655660448653e-05,-0.310957239835525
467,58389.9347677973,4.111234952581499e-05,-0.3170587453396474
468,58399.70802000178,4.17158549736153e-05,-0.3082693714509765
469,58409.482908043996,4.1098081136321456e-05,-0.3054045438983458
470,58419.25943219775,4.128525880176646e-05,-0.3105651325502005
471,58429.03759273678,4.115814877942186e-05,-0.3172276778585178
472,58438.81738993522,4.1218366658829665e-05,-0.31864152764191384
473,58448.59882406688,4.1078700455515214e-05,-0.31314301236332553
474,58458.381895405764,4.1817340377690656e-05,-0.31204141170295246
475,58468.1666042259,4.187245418017185e-05,-0.30133609606437206
476,58477.95295080137,4.1369645588357306e-05,-0.30417392435915697
477,58487.74093540618,4.1601109475554744e-05,-0.3085010382813172
478,58497.530558314735,4.1324633049113394e-05,-0.31806010583786287
479,58507.321819801145,4.142645719587069e-05,-0.31267796099820694
480,58517.11472013967,4.1459876711748525e-05,-0.31699626483917565
481,58526.9092596046,4.123516212315416e-05,-0.3190457930787181
482,58536.70543847032,4.10948258757728e-05,-0.32250812572479787
483,58546.5032570111,4.143602347012971e-05,-0.30668418800386765
484,58556.30271550162,4.136127747170874e-05,-0.30770549092334076
485,58566.10381421626,4.1380432684323775e-05,-0.31115371191337127
486,58575.90655342955,4.120062934710031e-05,-0.31539244030129543
487,58585.71093341609,4.132575675367839e-05,-0.31656318630753316
488,58595.51695445051,4.120643416136083e-05,-0.318078990191193
489,58605.32461680735,4.1212560756835475e-05,-0.31607514546277166
490,58615.13392076159,4.112933723695318e-05,-0.31665776179330096
491,58624.94486658787,4.10059407128744e-05,-0.31565562569851874
492,58634.75745456102,4.1240440635383546e-05,-0.2942333186530086
493,58644.571684955874,4.1278256751575296e-05,-0.3020201324266801
494,58654.38755804736,4.1091449005533204e-05,-0.30998351615390285
495,58664.20507411031,4.162216951614158e-05,-0.30482863748867206
496,58674.02423341995,4.0906964726923284e-05,-0.31892900780771255
497,58683.845036251216,4.136945835070661e-05,-0.31170482919285486
498,58693.667482879195,4.160623507781965e-05,-0.3018394391459357
499,58703.49157357903,4.1256452852768264e-05,-0.30509635551977304
500,58713.3173086259,4.112323408718245e-05,-0.31032348032029167
501,58723.14468829491,4.1513025917305886e-05,-0.32868210167873474
502,58732.973712861574,4.1608492709406896e-05,-0.3157959730840335
503,58742.804382601105,4.1555844845902565e-05,-0.30338178500203145
504,58752.63669778887,4.1832551095821465e-05,-0.30698563543030777
505,58762.470658700266,4.179214910779509e-05,-0.30946643605986285
506,58772.306265610765,4.08597674837698e-05,-0.30249149427591204
507,58782.143518795754,4.15421065836048e-05,-0.31148062818401767
508,58791.98241853102,4.1309815961074966e-05,-0.3000795396055385
509,58801.82296509205,4.1152992019964806e-05,-0.3098600942298733
510,58811.66515875448,4.1757349517748945e-05,-0.3224368973246212
511,58821.508999793994,4.140721731239733e-05,-0.31165560718519136
512,58831.35448848634,4.1774089961737756e-05,-0.3182895749892207
513,58841.20162510718,4.165321446536228e-05,-0.30983079697216
514,58851.05040993257,4.146904106123606e-05,-0.31903144076840695
515,58860.900843238276,4.1266633971025634e-05,-0.30737120202248
516,58870.75292530022,4.133910113990449e-05,-0.3138123980885726
517,58880.60665639437,4.1467840330440007e-05,-0.3118454975435683
518,58890.46203679673,4.200281930105457e-05,-0.3096207947439694
519,58900.319066783246,4.151872840309296e-05,-0.30977092558947483
520,58910.17774663027,4.121078003802397e-05,-0.315540742641496
521,58920.03807661382,4.1441338994164464e-05,-0.311596269925248
522,58929.900057010105,4.163426255647251e-05,-0.30499064981733487
523,58939.763688095365,4.165322891056355e-05,-0.30785329739307005
524,58949.628970145895,4.168047130586308e-05,-0.3069293168877644
525,58959.495903437906,4.151067639968995e-05,-0.30910869581022277
526,58969.36448824803,4.163181042462973e-05,-0.31370270761160507
527,58979.23472485256,4.098801962315434e-05,-0.30793108823654186
528,58989.10661352799,4.176155830708515e-05,-0.3120817246331565
529,58998.98015455084,4.174894215674208e-05,-0.3228585987215528
530,59008.85534819766,4.115384836133346e-05,-0.32695800970156375
531,59018.73219474497,4.166675401970732e-05,-0.3115341234722233
532,59028.61069446965,4.163879059263167e-05,-0.3189437332359396
533,59038.4908476483,4.113394995301614e-05,-0.31548186687849233
534,59048.37265455767,4.1586614130158136e-05,-0.3065205581829677
535,59058.256115474556,4.1443780126313724e-05,-0.310015086201709
536,59068.141230675814,4.161706039606818e-05,-0.2949179342774698
537,59078.0280004382,4.124596590383428e-05,-0.30920391795837443
538,59087.916425038915,4.142389013900913e-05,-0.30801885910639376
539,59097.8065047548,4.1639040469971015e-05,-0.31694584813293536
540,59107.698239862904,4.109712156813483e-05,-0.311752465472947
541,59117.5916306403,4.130441093569874e-05,-0.3107731988625143
542,59127.48667736412,4.119036364505864e-05,-0.3202686889198446
543,59137.383380311396,4.130379690273898e-05,-0.31062853047906397
544,59147.2817397596,4.141714242116186e-05,-0.3159608057537223
545,59157.181755985875,4.1754299900595846e-05,-0.3245308445315665
546,59167.08342926752,4.124147124809119e-05,-0.32043797438157845
547,59176.98675988191,4.1001102039803225e-05,-0.31397122131878863
548,59186.89174810643,4.1544423036388255e-05,-0.31070778830308
549,59196.798394218415,4.154035727200246e-05,-0.3122607804366002
550,59206.7066984956,4.125034149956261e-05,-0.31505304885146856
551,59216.61666121541,4.099632431591617e-05,-0.31590103007741105
552,59226.52828265544,4.1386983507591164e-05,-0.31816990359321473
553,59236.44156309331,4.1538170270031345e-05,-0.3142174966675281
554,59246.35650280671,4.16753550253775e-05,-0.31343031943557065
555,59256.273102073246,4.136198689507959e-05,-0.3123054389000854
556,59266.19136117094,4.1116221475385446e-05,-0.32061047012539456
557,59276.111280377474,4.197037436214102e-05,-0.3170316307434402
558,59286.032859970735,4.208816232213108e-05,-0.32320729850427005
559,59295.956100228635,4.141760168500119e-05,-0.31220187040120306
560,59305.88100142912,4.134177201893727e-05,-0.30607708193914357
561,59315.80756385009,4.169662345756209e-05,-0.3174409443570295
562,59325.73578776984,4.178743962585582e-05,-0.305951653119867
563,59335.665673466334,4.160717120180975e-05,-0.32889546322936714
564,59345.59722121774,4.126340655332959e-05,-0.30448828208728884
565,59355.53043130223,4.176680428313568e-05,-0.31152776704641055
566,59365.46530399806,4.082310842961856e-05,-0.31809126289812406
567,59375.40183958339,4.141947076334707e-05,-0.3191205042790132
568,59385.34003833679,4.105792431333688e-05,-0.3054681285268697
569,59395.27990053653,4.153096779849959e-05,-0.3117679175405579
570,59405.22142646102,4.16171238251427e-05,-0.3232321720283753
571,59415.164616388756,4.1651644774829914e-05,-0.3179594134653021
572,59425.10947059823,4.167934963905287e-05,-0.3005116176274058
573,59435.05598936791,4.179973495866079e-05,-0.307579161545912
574,59445.00417297663,4.147728829219153e-05,-0.3023431850079897
575,59454.95402170294,4.166206381849769e-05,-0.3059123841717999
576,59464.90553582555,4.174839588621889e-05,-0.3135835947709051
577,59474.85871562321,4.115671524378152e-05,-0.3102636488705498
578,59484.81356137471,4.210208366752358e-05,-0.32220418175049387
579,59494.770073358784,4.139222028399204e-05,-0.3140720690880911
580,59504.72825185456,4.1449687604548246e-05,-0.317477968814975
581,59514.68809714086,4.142611929233747e-05,-0.3031166501073002
582,59524.64960949667,4.1129010887898715e-05,-0.3189133233294784
583,59534.612789201026,4.1340013340360664e-05,-0.31547457898931114
584,59544.577636532995,4.0985248861594114e-05,-0.3054942427784845
585,59554.544151771595,4.116725363865956e-05,-0.3037534215318901
586,59564.51233519624,4.137031275382073e-05,-0.30562962598861987
587,59574.48218708602,4.155324601388769e-05,-0.3081281156586196
588,59584.4537077202,4.130366470594913e-05,-0.3094644390763741
589,59594.4268973781,4.121794322264003e-05,-0.307326561068403
590,59604.40175633908,4.1425779282144915e-05,-0.3080583906842007
591,59614.37828488242,4.154169278939046e-05,-0.3134439157794433
592,59624.356483287826,4.142817167684295e-05,-0.2961281491458533
593,59634.33635183466,4.158442277649481e-05,-0.3195492338071314
594,59644.317890802486,4.124824160985265e-05,-0.3061053322329286
595,59654.30110047088,4.150291241996069e-05,-0.31380357693872124
596,59664.2859811195,4.141067890719693e-05,-0.31224932448157494
597,59674.2725330279,4.166964854203267e-05,-0.3060710613489403
598,59684.260756476055,4.2136538090331676e-05,-0.3088183913216674
599,59694.250651743634,4.143863951211828e-05,-0.3147586316625102
600,59704.24221911046,4.097644118575292e-05,-0.31150673361475056
601,59714.235458856405,4.178768981606365e-05,-0.3159053402284086
602,59724.230371261394,4.189727064417423e-05,-0.3055521789801178
603,59734.22695660527,4.1168762745599255e-05,-0.310946145483794
604,59744.2252151683,4.1546055931035904e-05,-0.3107549941501981
605,59754.22514723041,4.171882495081976e-05,-0.3167534466869404
606,59764.22675307172,4.2128301206699774e-05,-0.32334064239180715
607,59774.23003297238,4.1153785472291725e-05,-0.3082814229528563
608,59784.23498721259,4.136346979753237e-05,-0.3130712903413988
609,59794.24161607249,4.1450331059061226e-05,-0.31394443956351387
610,59804.249919832604,4.145616414064111e-05,-0.2933714595576211
611,59814.25989877317,4.134382466064966e-05,-0.30727986142827507
612,59824.27155317456,4.1587659392696464e-05,-0.3108422590611101
613,59834.284883317225,4.143886312762324e-05,-0.3202957054805667
614,59844.29988948164,4.1477483737986e-05,-0.30384043421918044
615,59854.31657194822,4.139149434591858e-05,-0.3134849202172133
616,59864.334930997786,4.1965266123532156e-05,-0.3228095751386332
617,59874.35496691084,4.1341027470473354e-05,-0.31834703428400174
618,59884.37667996805,4.176379989235204e-05,-0.3076317504506844
619,59894.400070450145,4.192431144307843e-05,-0.3096401335474933
620,59904.42513863788,4.16917134443451e-05,-0.3012560640031758
621,59914.45188481195,4.178051282292406e-05,-0.31342040633023005
622,59924.48030925346,4.139270927448216e-05,-0.3141986543836447
623,59934.51041224319,4.200971062926221e-05,-0.30258875549355224
624,59944.5421940621,4.138651834594169e-05,-0.29276693645743657
625,59954.57565499119,4.176000996695687e-05,-0.3162150086382152
626,59964.610795311506,4.145799972825946e-05,-0.31178755620044274
627,59974.64761530402,4.197245093897098e-05,-0.3112330057663996
628,59984.686115250115,4.116776167524293e-05,-0.32067666510005316
629,59994.72629543087,4.137057315826759e-05,-0.3108806059134527
630,60004.76815612751,4.159612217892192e-05,-0.3050378009263642
631,60014.81169762131,4.113367569938234e-05,-0.31619735519008474
632,60024.856920193626,4.130603130753802e-05,-0.3196178470439094
633,60034.90382412569,4.192265981460452e-05,-0.31415875858374326
634,60044.95240969919,4.1294671870490776e-05,-0.3126082145483911
635,60055.00267719546,4.1785067105638016e-05,-0.3048697720104041
636,60065.054626896024,4.170859594196409e-05,-0.3038382247448584
637,60075.108259082444,4.154719419042188e-05,-0.31153592868856933
638,60085.163574036334,4.155108072096626e-05,-0.311478365090401
639,60095.22057203924,4.105590357406244e-05,-0.3144705581172411
640,60105.279253373104,4.142022585666132e-05,-0.30626016533301675
641,60115.339618319565,4.106601785169989e-05,-0.30789273324045796
642,60125.40166716042,4.188160330233061e-05,-0.3183967409260604
643,60135.46540017751,4.119466426894477e-05,-0.30952961073525925
644,60145.530817652754,4.1243331353337514e-05,-0.312616824914949
645,60155.59791986795,4.165505281996671e-05,-0.3056924020983786
646,60165.666707105345,4.18073178221696e-05,-0.2975913611550413
647,60175.73717964685,4.165652414364399e-05,-0.3048790956715601
648,60185.809337774546,4.145000670866674e-05,-0.30778598072405744
649,60195.88318177057,4.1523693765620495e-05,-0.3161767204806302
650,60205.958711917105,4.1496189023758916e-05,-0.3184481321025133
651,60216.03592849624,4.2095894714732094e-05,-0.31194101245481265
652,60226.11483179051,4.1408658936041955e-05,-0.30998499777926547
653,60236.195422082106,4.155564081460434e-05,-0.31516145508462234
654,60246.277699653394,4.167579691077987e-05,-0.30736308865559947
655,60256.3616647868,4.174871053255521e-05,-0.3196816501398853
656,60266.44731776477,4.1842121938511165e-05,-0.3159378974767455
657,60276.53465886969,4.186818420043414e-05,-0.3185182257801678
658,60286.62368838439,4.1432553002763244e-05,-0.31542806147827146
659,60296.71440659132,4.1587065886674914e-05,-0.3111927499916025
660,60306.80681377315,4.19630754980748e-05,-0.3258169944571206
661,60316.90091021258,4.158406419843947e-05,-0.3103931111415369
662,60326.99669619235,4.135774149520073e-05,-0.31922588469526153
663,60337.09417199512,4.072209417007948e-05,-0.3211533065139521
664,60347.193337904,4.143889418835115e-05,-0.31960887646549196
665,60357.29419420174,4.153204162635841e-05,-0.30553413439599303
666,60367.39674117128,4.1442064797077704e-05,-0.29563745095921085
667,60377.5009790956,4.172502614588534e-05,-0.316543201574998
668,60387.60690825774,4.1334133075305435e-05,-0.29952669845334934
669,60397.71452894063,4.2061681500261445e-05,-0.30636335834913586
670,60407.82384142768,4.1448632767605125e-05,-0.31834891457309417
671,60417.9348460019,4.1561138724083724e-05,-0.30295229601478063
672,60428.047542946544,4.1815253296363835e-05,-0.31983785057229785
673,60438.161932544856,4.161286788330994e-05,-0.3255048530433226
674,60448.27801508016,4.1285952077492394e-05,-0.3031681317240657
675,60458.39579083569,4.1385160565226646e-05,-0.3171696795597134
676,60468.51526009511,4.125626158290429e-05,-0.3204447626351394
677,60478.63642314175,4.15270242264252e-05,-0.3159346505525837
678,60488.75928025911,4.226477254593571e-05,-0.31631432858140773
679,60498.883831730745,4.164232027170976e-05,-0.33243430166097243
680,60509.010077840256,4.1202015213705996e-05,-0.30833093698163616
681,60519.13801887117,4.105925687773449e-05,-0.32048589323704807
682,60529.26765510742,4.177862042819474e-05,-0.3112423063194874
683,60539.39898683263,4.180123413930372e-05,-0.32122767971095356
684,60549.53201433059,4.18387913013721e-05,-0.31373012393113775
685,60559.66673788513,4.152029681717198e-05,-0.31914638555979613
686,60569.80315778014,4.169051594262796e-05,-0.30744633538638405
687,60579.941274299425,4.128081735280028e-05,-0.3156548682558031
688,60590.081087727216,4.149961926692641e-05,-0.3149650157670418
689,60600.22259834742,4.15732735647293e-05,-0.3101769892278753
690,60610.3658064441,4.161265255996689e-05,-0.3141472508364034
691,60620.51071230138,4.164280578965622e-05,-0.3160070688661539
692,60630.65731620344,4.163380434937445e-05,-0.3056725489146996
693,60640.80561843436,4.1826636042772544e-05,-0.31212190068917595
694,60650.95561927866,4.1164281354795847e-05,-0.31989302111189016
695,60661.10731902053,4.200696896436851e-05,-0.30431420096749334
696,60671.26071794433,4.146336861391614e-05,-0.29801238189466234
697,60681.415816334455,4.1984099119884755e-05,-0.3120064360747869
698,60691.57261447538,4.148393602127195e-05,-0.32342906481481365
699,60701.73111265147,4.153127168570147e-05,-0.31132515779730763
700,60711.89131114752,4.195582863836948e-05,-0.31995394464085025
701,60722.05321024802,4.207382155980774e-05,-0.31847800668964155
702,60732.2168102376,4.163666425934389e-05,-0.30399528000338943
703,60742.38211140096,4.1513035073909475e-05,-0.3243188720817232
704,60752.54911402284,4.178794594409152e-05,-0.3146562782094761
705,60762.71781838791,4.113852139964623e-05,-0.3200397541183048
706,60772.88822478124,4.157544385789132e-05,-0.31679921915621506
707,60783.06033348761,4.172824649555868e-05,-0.30872033490929324
708,60793.23414479193,4.185353269002517e-05,-0.32089142754539385
709,60803.409658979195,4.2231500131652214e-05,-0.310179191653685
710,60813.586876334426,4.21846101920034e-05,-0.3117523788081632
711,60823.76579714257,4.149458357101898e-05,-0.3131257914863204
712,60833.946421689005,4.169734229968265e-05,-0.31782665895625284
713,60844.12875025877,4.208170715791892e-05,-0.31530504251838626
714,60854.312783137095,4.167798658818847e-05,-0.3118257237480004
715,60864.49852060923,4.209910103799324e-05,-0.3144293868057573
716,60874.685962960495,4.175793045395328e-05,-0.3055612753371377
717,60884.87511047613,4.177358142324411e-05,-0.31368395549179046
718,60895.06596344179,4.1533845752324684e-05,-0.3146342959416002
719,60905.2585221428,4.168034612408412e-05,-0.32344191788480803
720,60915.452786864684,4.211676853665632e-05,-0.3042069688275167
721,60925.648757892974,4.213553536101258e-05,-0.32575908596714653
722,60935.846435513275,4.1883936399646894e-05,-0.31203669361647735
723,60946.04582001111,4.222647834024501e-05,-0.3160160384748773
724,60956.24691167243,4.1788166995058095e-05,-0.31284355202327224
725,60966.44971078285,4.204756616234413e-05,-0.3210901869852147
726,60976.654217628165,4.205080556929554e-05,-0.32184289550131173
727,60986.860432494206,4.197229189289194e-05,-0.32481469921744777
728,60997.06835566687,4.161701966631675e-05,-0.3084423011666795
729,61007.27798743195,4.1912986183487975e-05,-0.314648980826169
730,61017.489328075695,4.1316394036875505e-05,-0.31299968183097865
731,61027.70237788401,4.177818410586057e-05,-0.31932457306751366
732,61037.91713714296,4.2267626251408336e-05,-0.31747610116708247
733,61048.13360613868,4.1953342294024325e-05,-0.3164672816586825
734,61058.351785157356,4.1973278915372704e-05,-0.32114447090222153
735,61068.57167448506,4.1995714618664035e-05,-0.31075239948669936
736,61078.79327440833,4.169404019181545e-05,-0.3141090312436038
737,61089.01658521335,4.220324384655817e-05,-0.3103622941492754
738,61099.241607186494,4.153248190930465e-05,-0.30885031136354013
739,61109.46834061416,4.2073987896382356e-05,-0.3197026714718747
740,61119.696785782835,4.20081315838294e-05,-0.31811866638701664
741,61129.926942978884,4.1493753481217e-05,-0.31278345672441527
742,61140.15881248912,4.264200325682476e-05,-0.3174037473327204
743,61150.39239460002,4.233287924303701e-05,-0.30773813064365374
744,61160.627689598245,4.198126438876603e-05,-0.3272304066570121
745,61170.86469777049,4.1771655295295325e-05,-0.30992398003191124
746,61181.10341940351,4.1999422398705615e-05,-0.31164082601527476
747,61191.34385478397,4.222959975984194e-05,-0.3142260122117602
748,61201.586004198965,4.207986412948447e-05,-0.3230828291432684
749,61211.829867935274,4.245816238926441e-05,-0.31839756217982834
750,61222.075446279836,4.2393827045237354e-05,-0.3173484602296122
751,61232.32273951963,4.2088622027590054e-05,-0.30880318193703205
752,61242.57174794171,4.193316610955891e-05,-0.31043508044108176
753,61252.82247183302,4.2276573825415834e-05,-0.3138097576435995
754,61263.07491148095,4.264333544039814e-05,-0.3168709001729099
755,61273.329067172555,4.222421979787956e-05,-0.3169556755370624
756,61283.584939195076,4.197576302758712e-05,-0.2991127162161327
757,61293.842527835775,4.269095069928471e-05,-0.3225824077221159
758,61304.10183338199,4.282999267651044e-05,-0.30485126295310183
759,61314.36285612096,4.3092936584032945e-05,-0.310539946896293
760,61324.62559634037,4.263481259900073e-05,-0.3176644245851776
761,61334.89005432755,4.245807343131097e-05,-0.3149563366328998
762,61345.15623037003,4.221976203937699e-05,-0.3095962036788145
763,61355.42412475537,4.286994917649098e-05,-0.3134198162981308
764,61365.69373777119,4.246296039148301e-05,-0.31442745968916375
765,61375.965069705024,4.231321426969212e-05,-0.30579374862953373
766,61386.23812084483,4.2769435871840536e-05,-0.30842835144368513
767,61396.51289147825,4.2729984802121514e-05,-0.3215999899069002
768,61406.78938189308,4.25907040904255e-05,-0.3240874108973387
769,61417.067592377185,4.23670322487846e-05,-0.32043243496651597
770,61427.34752321847,4.288410993552922e-05,-0.3168095963979079
771,61437.62917470476,4.273996605893041e-05,-0.313532753852398
772,61447.912547124295,4.291260804765801e-05,-0.3177585181664923
773,61458.19764076501,4.2173789695287614e-05,-0.3154330229222681
774,61468.48445591499,4.309784778311898e-05,-0.3156425683054428
775,61478.772992862396,4.292510168184083e-05,-0.30869957916588225
776,61489.06325189541,4.272411500918339e-05,-0.30185342215808514
777,61499.35523330214,4.296804835818057e-05,-0.3155804167899619
778,61509.648937371145,4.30901484127834e-05,-0.3150627987980232
779,61519.94436439062,4.311425240527105e-05,-0.30865903307818376
780,61530.241514648966,4.307261624035775e-05,-0.32109835229693395
781,61540.5403884346,4.271846252074919e-05,-0.3192551747744486
782,61550.840986036026,4.345478232795002e-05,-0.31422274522565874
783,61561.14330774163,4.3217573629744734e-05,-0.3146389168078259
784,61571.447353840245,4.3327361048431834e-05,-0.31442101171277076
785,61581.75312462038,4.3414154004162736e-05,-0.3266716457244636
786,61592.060620370714,4.334296444112845e-05,-0.31551476986357485
787,61602.36984137996,4.372432965358691e-05,-0.32283699659826837
788,61612.680787936886,4.3851510812542226e-05,-0.3078512949731074
789,61622.9934603302,4.430654055422917e-05,-0.31437637608310626
790,61633.307858849024,4.4006584259991406e-05,-0.3115965536269274
791,61643.623983782134,4.3922063357180495e-05,-0.3173589501835765
792,61653.94183541851,4.360238775877119e-05,-0.3250827667725328
793,61664.261414047156,4.4234473216184015e-05,-0.3122827379186632
794,61674.58271995714,4.4088881915039846e-05,-0.3155287955536944
795,61684.90575343745,4.48234346888747e-05,-0.31757535257094943
796,61695.23051477749,4.441176526354626e-05,-0.3272017583738099
797,61705.557004266346,4.456949166509602e-05,-0.3126397337187196
798,61715.88522219327,4.4795027057079986e-05,-0.3232155102187337
799,61726.215168847564,4.5594096015477196e-05,-0.32454804758838535
800,61736.54684451859,4.546973838090563e-05,-0.3306079289677096
801,61746.88024949562,4.5963794258202956e-05,-0.32623312789257614
802,61757.215384068346,4.6625452130646204e-05,-0.33251795231652564
803,61767.55224852615,4.695633881237608e-05,-0.33971054111707677
804,61777.89084315859,4.763591739772102e-05,-0.33727504243363954
805,61788.23116825523,4.830315287110474e-05,-0.3489686952084314
806,61798.57322410574,4.9047923254328125e-05,-0.37114282291582834
807,61808.91701099968,5.0690212865061756e-05,-0.39110955002883413
808,61819.26252922703,5.235400233696499e-05,-0.49696523234773116
809,61829.60977907747,4.3190301951451376e-05,-0.7218483503961093
810,61839.95876084083,3.779200927028475e-05,-0.6961074741150971
811,61850.30947480699,3.596187634781797e-05,-0.6464196821463122
812,61860.6619212659,3.497418419778111e-05,-0.6278565127274168
813,61871.0161005074,3.435948656423415e-05,-0.5959630688879927
814,61881.372012821776,3.359132024601399e-05,-0.5712181590370049
815,61891.729658498996,3.354344565108117e-05,-0.5310000079476597
816,61902.08903782917,3.3003573195786024e-05,-0.4947072176880263
817,61912.450151102494,3.309241562459864e-05,-0.4867268544956441
818,61922.81299860918,3.3357152916532206e-05,-0.457023996898702
819,61933.177580639385,3.2964246195066834e-05,-0.4300295896651277
820,61943.54389748367,3.309389935492555e-05,-0.4161752437340532
821,61953.9119494323,3.3302648635060296e-05,-0.40538350624598823
822,61964.28173677569,3.362316895114104e-05,-0.38646332902938235
823,61974.65325980429,3.3827212570072865e-05,-0.3788971902949016
824,61985.026518808634,3.399953920516181e-05,-0.37577008963757075
825,61995.40151407917,3.4074147624652465e-05,-0.3452946269836254
826,62005.778245906746,3.4478913862114e-05,-0.3595794950723451
827,62016.156714581906,3.487272166747515e-05,-0.3501135362230255
828,62026.53692039537,3.505331500944481e-05,-0.3318511254281422
829,62036.91886363788,3.515578408550294e-05,-0.338344144870014
830,62047.302544600265,3.600749609182643e-05,-0.3261080995339432
831,62057.68796357325,3.5859081248772064e-05,-0.33433177725180646
832,62068.07512084799,3.617503705647579e-05,-0.32030024172104343
833,62078.46401671532,3.690814148308078e-05,-0.32189836621243145
834,62088.85465146624,3.625967585410971e-05,-0.32808754248213495
835,62099.2470253918,3.663598744301214e-05,-0.3293442575563436
836,62109.64113878311,3.6426407872775064e-05,-0.32140865366185345
837,62120.036991931185,3.71373648049501e-05,-0.32400809896650756
838,62130.43458512748,3.7074625407431597e-05,-0.3197216064696553
839,62140.83391866312,3.7182732222466786e-05,-0.3181673613832292
840,62151.23499282939,3.7252049475923773e-05,-0.3203643463854281
841,62161.63780791765,3.7748300657494586e-05,-0.3152407949017606
842,62172.04236421928,3.781141024578543e-05,-0.30571053873924386
843,62182.448662025614,3.803408049774442e-05,-0.3128837657286361
844,62192.85670162838,3.8150496327084154e-05,-0.312048794365575
845,62203.266483319,3.814707841464405e-05,-0.31779189840707084
846,62213.678007389055,3.852279809918058e-05,-0.304132878130796
847,62224.091274130195,3.8421167421181516e-05,-0.3124871489526641
848,62234.50628383409,3.7742233785757096e-05,-0.3174062259135004
849,62244.92303679237,3.819782151535441e-05,-0.3167912215820475
850,62255.34153329705,3.867711354675096e-05,-0.3069453648405998
851,62265.76177363985,3.846425306657346e-05,-0.32068124300420886
852,62276.18375811265,3.849180562674531e-05,-0.31522003633443096
853,62286.607487007386,3.833290187180051e-05,-0.31570167488720946
854,62297.03296061603,3.8726298899526076e-05,-0.31738506031715996
855,62307.46017923048,3.9012894224077434e-05,-0.32268705708438333
856,62317.88914314308,3.901155314823011e-05,-0.3043549013510474
857,62328.31985264582,3.9044172313816706e-05,-0.3119584061169469
858,62338.75230803088,3.853695283527124e-05,-0.3056341723182001
859,62349.18650959048,3.896478970206452e-05,-0.31465931801911906
860,62359.62245761689,3.867860296558531e-05,-0.31637048662282496
861,62370.060152402315,3.889675456506042e-05,-0.30082965720357224
862,62380.49959423937,3.874243378803233e-05,-0.3154765305375363
863,62390.94078342036,3.912375344284921e-05,-0.31508501395470484
864,62401.38372023775,3.892522439898031e-05,-0.30668323360615846
865,62411.828404984044,3.8985629029444655e-05,-0.31255382890098654
866,62422.274837951816,3.907386568553918e-05,-0.30905157736474004
867,62432.723019433564,3.94120972230023e-05,-0.3202255632137932
868,62443.1729497222,3.928209545932823e-05,-0.31226572503359834
869,62453.62462911031,3.958765682260273e-05,-0.30136486497568965
870,62464.078057890656,3.954445768752802e-05,-0.3157725560048328
871,62474.53323635605,3.963940560554508e-05,-0.2952692503808491
872,62484.99016479936,3.9905067295821115e-05,-0.30726503856056625
873,62495.44884351335,3.947679738056372e-05,-0.320775472255525
874,62505.90927279126,3.940308805688106e-05,-0.3281937259536821
875,62516.371452925945,3.97529826869025e-05,-0.31400623479083856
876,62526.83538421048,3.942271057614485e-05,-0.31355038457668816
877,62537.30106693796,3.9615872024165225e-05,-0.31614850760804647
878,62547.76850140154,3.980344047744836e-05,-0.2939072623027738
879,62558.237687894296,3.945821032493287e-05,-0.3063968909090218
880,62568.70862670975,3.978461351398806e-05,-0.3077585054682795
881,62579.18131814106,3.962496240647468e-05,-0.31162682352750054
882,62589.65576248158,3.9553839044003464e-05,-0.31853679825327996
883,62600.13196002472,3.93920272139561e-05,-0.31463557250622576
884,62610.60991106392,4.041117168009535e-05,-0.3137127280720192
885,62621.08961589255,3.962030158338581e-05,-0.3116323077745733
886,62631.57107480443,3.9493448469081305e-05,-0.32080175802639066
887,62642.05428809301,3.986920201144896e-05,-0.31187468421284104
888,62652.53925605193,3.998787307897061e-05,-0.30901354210936616
889,62663.02597897491,4.0241309019953604e-05,-0.3238441864898457
890,62673.51445715568,3.982550965645801e-05,-0.3176899189841643
891,62684.0046908879,3.976400982401132e-05,-0.3108124270680362
892,62694.49668046568,3.9793252290087195e-05,-0.31590670884318084
893,62704.990426182776,3.958543905926823e-05,-0.32064928399148473
894,62715.48592833314,3.965242870544424e-05,-0.3255127561699968
895,62725.983187210746,4.0264423284068596e-05,-0.31640565989445973
896,62736.48220310964,3.9512704221973145e-05,-0.31721756987433597
897,62746.98297632379,4.008842100818749e-05,-0.31871467239815476
898,62757.485507147576,3.975119535166981e-05,-0.31645015868966087
899,62767.989795875066,3.990737051315474e-05,-0.3068159395161182
900,62778.4958428005,4.012392365655165e-05,-0.3085360082228368
901,62789.00364821816,4.0155415372743055e-05,-0.3082861868505693
902,62799.513212422375,4.0186620437821925e-05,-0.29986051245639306
903,62810.0245357074,3.971965135090804e-05,-0.301146726716201
904,62820.53761836794,3.9482627616648525e-05,-0.315173646721865
905,62831.05246069833,3.9929337292167676e-05,-0.31192849977237685
906,62841.56906299312,4.02841331327797e-05,-0.32031510006592323
907,62852.08742554687,3.99358805707026e-05,-0.322066997002801
908,62862.60754865423,3.995337789452705e-05,-0.31161306030095903
909,62873.12943260975,3.997739154397903e-05,-0.32805346514799694
910,62883.653077708404,4.007819363376564e-05,-0.3115809660982796
911,62894.17848424485,4.016332450594824e-05,-0.3188603715150868
912,62904.70565251391,4.019598440343085e-05,-0.31605571949287703
913,62915.234582810466,4.018746724770128e-05,-0.307458768502159
914,62925.76527542945,4.0120581039801304e-05,-0.3117075751518957
915,62936.29773066569,4.065395728038376e-05,-0.32497773640297106
916,62946.83194881449,4.0023493222838934e-05,-0.304699827394991
917,62957.36793017079,3.9985774282433604e-05,-0.30988017894138864
918,62967.9056750297,4.035268873048883e-05,-0.30826295124108166
919,62978.44518368642,4.005204919003552e-05,-0.3000227597825674
920,62988.98645643615,4.021081734774952e-05,-0.3270844100791831
921,62999.52949357404,3.991394085111786e-05,-0.3225693198419783
922,63010.074295395665,3.964551308494224e-05,-0.3163909559407435
923,63020.62086219628,4.01512029297327e-05,-0.3136230758479657
924,63031.16919427129,4.002275044183652e-05,-0.31225742395006256
925,63041.71929191618,3.994905359101346e-05,-0.30827342761635934
926,63052.27115542646,4.030540268888653e-05,-0.32711622978418653
927,63062.824785097575,4.075963264765937e-05,-0.3078947116171456
928,63073.380181225395,4.025304632903609e-05,-0.309027609711374
929,63083.93734410546,4.0497000635852145e-05,-0.3131614405076657
930,63094.4962740335,4.003321749545265e-05,-0.30748925076869904
931,63105.05697130527,4.0383437870313754e-05,-0.30985150929375876
932,63115.61943621658,4.040621799817576e-05,-0.3153766465689228
933,63126.183669063175,4.020848694713704e-05,-0.3103815895037687
934,63136.74967014123,4.01793064539769e-05,-0.32131236074259795
935,63147.31743974658,3.9712923436538724e-05,-0.31360318307449375
936,63157.88697817524,4.029410408480718e-05,-0.3188613944463103
937,63168.45828572327,4.036205108036317e-05,-0.326916465345184
938,63179.03136268679,4.039773665111294e-05,-0.31529586090035217
939,63189.606209361824,4.0269113161648235e-05,-0.3216248224859741
940,63200.182826044846,4.0113186033521934e-05,-0.310850646411728
941,63210.761213032,4.0037235230871595e-05,-0.3230077333158024
942,63221.341370619586,4.0010203849839296e-05,-0.3091632962349745
943,63231.92329910397,4.034507384473491e-05,-0.3096401605058508
944,63242.50699878156,4.0150908199857137e-05,-0.31880901926141064
945,63253.09246994869,4.048409695439469e-05,-0.3077576606488425
946,63263.67971290213,4.021241163119834e-05,-0.3230827466516657
947,63274.26872793831,4.055618374171094e-05,-0.318589725134146
948,63284.85951535383,4.0533105495228885e-05,-0.3243067034880516
949,63295.45207544537,4.007338864018729e-05,-0.30139171640811635
950,63306.046408509625,3.956251408728106e-05,-0.32049480330036173
951,63316.64251484322,4.050630377893264e-05,-0.31978188833205706
952,63327.24039474323,4.080378047391883e-05,-0.3185456181682727
953,63337.84004850638,4.061178155663113e-05,-0.3096166774293032
954,63348.44147642958,4.0862290821865473e-05,-0.32008040666362103
955,63359.04467880978,4.031082103086833e-05,-0.316132066853965
956,63369.649655944006,4.075886364224706e-05,-0.31587730881908777
957,63380.256408129164,4.060833359906099e-05,-0.32707037002903994
958,63390.86493566263,4.03499117053027e-05,-0.32227671618536885
959,63401.47523884142,4.0355583265754646e-05,-0.32342808255364347
960,63412.08731796275,4.075045670353329e-05,-0.31435043124031053
961,63422.70117332388,4.020398422711314e-05,-0.3190505088143246
962,63433.31680522211,3.960826378937817e-05,-0.3149638598288322
963,63443.93421395466,4.012858391183984e-05,-0.3025235975945918
964,63454.5533998192,4.055259551570036e-05,-0.3179006442246665
965,63465.174363113045,4.063180701703934e-05,-0.30943669671558527
966,63475.797104133715,4.008003735702429e-05,-0.31427723907831506
967,63486.42162317876,4.084286944221852e-05,-0.31774320135626744
968,63497.047920545774,4.030165092174753e-05,-0.3122980027707397
969,63507.67599653229,4.025603764038313e-05,-0.32194468911521945
970,63518.30585143627,4.024378766886974e-05,-0.31848608366308956
971,63528.93748555534,4.024617168541529e-05,-0.31255965082582804
972,63539.570899187296,4.026621203087246e-05,-0.3166204320111167
973,63550.20609263,4.039692697982624e-05,-0.3219920108878293
974,63560.84306618135,4.026451265724371e-05,-0.30983326590204957
975,63571.48182013916,4.010763826974874e-05,-0.316735270630333
976,63582.122354801715,4.00805699179883e-05,-0.3172604417572837
977,63592.76467046692,4.071112176697053e-05,-0.3201784244015244
978,63603.408767432884,4.015252614370179e-05,-0.3174336826503434
979,63614.054645997756,4.060461081523849e-05,-0.3148165811138345
980,63624.70230645974,4.0564435029081545e-05,-0.3101613384951152
981,63635.35174911696,4.051698584378214e-05,-0.3169471137800559
982,63646.002974267976,4.044989979053614e-05,-0.3194745612824375
983,63656.655982211014,4.067534368685455e-05,-0.3082635334573902
984,63667.31077324447,4.0167313387751856e-05,-0.3095491790912992
985,63677.967347666796,4.0415955451181496e-05,-0.31601029829487287
986,63688.6257057765,4.094442664054019e-05,-0.3161366488381078
987,63699.285847872,4.052428615105638e-05,-0.32041753385290683
988,63709.94777425216,4.0114661422495776e-05,-0.3128585804874295
989,63720.6114852155,4.059551669785413e-05,-0.31134247398323617
990,63731.27698106073,4.06175110251379e-05,-0.32218445980906024
991,63741.94426208658,4.07152145998257e-05,-0.3137031713913459
992,63752.61332859188,4.095860846620367e-05,-0.3160762971390894
993,63763.28418087532,4.028178935833212e-05,-0.3133932477731941
994,63773.9568192361,4.041328680759949e-05,-0.31787356996618327
995,63784.63124397301,4.06140075949792e-05,-0.3113415889774411
996,63795.30745538507,4.0972847769171284e-05,-0.32588627720718955
997,63805.98545377132,4.055801718112314e-05,-0.31636625842850263
998,63816.66523943086,4.049164252614481e-05,-0.3199099938407679
999,63827.346812662734,4.1022725926260124e-05,-0.3123151978717993
1000,63838.03017376638,4.00416095381396e-05,-0.310919755535734
1001,63848.71532304094,4.0188936979514866e-05,-0.32761899128710736
1002,63859.402260785704,4.038000795587648e-05,-0.31488774847226647
1003,63870.09098730003,4.032906271973901e-05,-0.3182102453587476
1004,63880.78150288331,4.029972731950883e-05,-0.32037005472912145
1005,63891.473807834875,4.057456995124863e-05,-0.3116834361304932
1006,63902.167902454494,4.0234235250867026e-05,-0.30133865324894876
1007,63912.86378704158,4.058087457297098e-05,-0.3105789011642742
1008,63923.56146189573,4.033848754155772e-05,-0.32443676359238216
1009,63934.260927316616,4.068922108930045e-05,-0.3060792655377716
1010,63944.96218360393,4.089648860618428e-05,-0.3082775889993214
1011,63955.6652310573,4.05450843253994e-05,-0.32252833269852793
1012,63966.37006997679,4.116321088553377e-05,-0.321845881294681
1013,63977.07670066211,4.0662323801208595e-05,-0.3140588590436181
1014,63987.78512341318,4.0305033337347065e-05,-0.3059575317681396
1015,63998.49533852995,4.0875247964198685e-05,-0.3684882566774619
1016,64009.207346312425,4.037947559547467e-05,-0.33244550741576523
1017,64019.92114706052,4.048797897390389e-05,-0.31416088654965046
1018,64030.63674107462,4.0541938925382366e-05,-0.3235120077892209
1019,64041.35412865473,4.099127515333195e-05,-0.31453449160980707
1020,64052.07331010107,4.052693303355636e-05,-0.31608432025747923
1021,64062.794285713884,4.0815091151086815e-05,-0.31625495970088763
1022,64073.51705579349,4.04806783861974e-05,-0.32152860957780605
1023,64084.2416206401,4.0323398866515046e-05,-0.32998726555944663
1024,64094.96798055439,4.0062330284631645e-05,-0.31619965621529306
1025,64105.69613583669,4.033671381443415e-05,-0.3176743631766452
1026,64116.4260867875,4.072056758308295e-05,-0.3226040218592734
1027,64127.15783370737,4.07913433651015e-05,-0.3086922445015106
1028,64137.89137689693,4.080877628745014e-05,-0.32245008332083275
1029,64148.62671665668,4.004535893814324e-05,-0.3212070472955627
1030,64159.363853287614,4.037811076139228e-05,-0.3038418671246669
1031,64170.10278709035,4.0934911609747757e-05,-0.3231179828443603
1032,64180.84351836569,4.0128388784006595e-05,-0.31848037816411423
1033,64191.5860474145,4.06787893651632e-05,-0.30453582540319063
1034,64202.3303745377,4.081100910043489e-05,-0.3006759080435574
1035,64213.07650003609,4.070926171860487e-05,-0.32024925692197836
1036,64223.82442421097,4.0230013434992125e-05,-0.3110226094273724
1037,64234.574147363266,4.074076322111572e-05,-0.31836755993849053
1038,64245.325669794074,4.032406355548983e-05,-0.30851079389015823
1039,64256.07899180457,4.066485540485384e-05,-0.30569735830768574
1040,64266.834113695964,4.04997869052818e-05,-0.31834961981569204
1041,64277.59103576938,4.026934089857078e-05,-0.31021846545078247
1042,64288.349758326396,4.0711853100774515e-05,-0.3163413775674165
1043,64299.11028166825,4.0720570030086e-05,-0.3106048351172974
1044,64309.872606096345,4.089734249235129e-05,-0.32924789132158233
1045,64320.63673191215,4.032966737282847e-05,-0.3239472800048346
1046,64331.40265941719,4.058411507797148e-05,-0.31018359823035274
1047,64342.17038891288,3.997151545061424e-05,-0.3133270659125166
1048,64352.93992070111,4.112435272508294e-05,-0.31494715171658777
1049,64363.71125508341,4.0272716760418545e-05,-0.3085360962851839
1050,64374.484392361504,4.0398860140646624e-05,-0.31787030524855137
1051,64385.25933283715,4.038976534423404e-05,-0.3160906832450606
1052,64396.036076812175,4.034442804308467e-05,-0.308776502982281
1053,64406.8146245883,4.110811873471285e-05,-0.31987744875835356
1054,64417.59497646773,4.074300870328106e-05,-0.316214565226343
1055,64428.37713275228,4.0424275060683456e-05,-0.3243419429803789
1056,64439.16109374398,4.039744982732863e-05,-0.3138558406196896
1057,64449.946859744894,4.066553026027008e-05,-0.3189923096124472
1058,64460.73443105715,4.067765251139057e-05,-0.31335187595619496
1059,64471.52380798279,4.106697019344477e-05,-0.3024278664096866
1060,64482.31499082429,4.0717541855240876e-05,-0.30686783745034923
1061,64493.107979883796,4.052967858857885e-05,-0.3190832462759397
1062,64503.90277546363,4.033688406590261e-05,-0.31543729792659114
1063,64514.69937786617,4.0281241572841046e-05,-0.31161130019413874
1064,64525.497787393826,4.034186062377044e-05,-0.3082304785994963
1065,64536.29800434896,4.033865275144374e-05,-0.30128251534905864
1066,64547.10002903435,4.0565408631682117e-05,-0.3104712614131923
1067,64557.90386175244,4.0523960824079395e-05,-0.32644437362872547
1068,64568.70950280587,4.1194389978037756e-05,-0.31347864834560846
1069,64579.516952497295,4.057505898665277e-05,-0.31711569570016457
1070,64590.32621112946,4.0875898944406934e-05,-0.30587839683330803
1071,64601.137279005,4.009293367042502e-05,-0.3125291591141569
1072,64611.950156427025,4.0502114467142666e-05,-0.3177440976353649
1073,64622.76484369827,4.1063814414673764e-05,-0.3086833536770119
1074,64633.581341121666,4.0465757867763425e-05,-0.3266714470824798
1075,64644.3996490002,4.035694831405055e-05,-0.32306478879147044
1076,64655.21976763691,4.025306228048805e-05,-0.30540568649676586
1077,64666.04169733473,4.003686381328663e-05,-0.3005572377439807
1078,64676.86543839707,4.090577749122033e-05,-0.3130379673910692
1079,64687.690991126976,4.0718331739773474e-05,-0.3163491766772536
1080,64698.51835582769,4.001624756505322e-05,-0.30942717709986933
1081,64709.347532802494,4.095939886116852e-05,-0.30170505564027544
1082,64720.17852235473,4.0453846649526814e-05,-0.31643790553278894
1083,64731.01132478764,4.01823834605238e-05,-0.3185707757593773
1084,64741.84594040494,4.03713072809432e-05,-0.3181720483324125
1085,64752.68236950998,4.050381281670087e-05,-0.31020024093481907
1086,64763.520612406304,4.015088237054105e-05,-0.3170863613813716
1087,64774.3606693975,4.031049602130479e-05,-0.30315775595097727
1088,64785.20254078721,4.080506552116649e-05,-0.3252467256576836
1089,64796.046226879,4.043367130325284e-05,-0.30734915208441776
1090,64806.891727976865,4.019039379759689e-05,-0.3128056811658958
1091,64817.73904438447,4.081327800947744e-05,-0.313470535462293
1092,64828.588176405676,4.049462022963863e-05,-0.31801990374582567
1093,64839.43912434435,4.101923705947622e-05,-0.3113327550332976
1094,64850.29188850447,4.067171750429426e-05,-0.3212620595997248
1095,64861.14646918988,4.0869841266139804e-05,-0.322549342347665
1096,64872.0028667049,4.1266089414247065e-05,-0.3234912966755457
1097,64882.86108135349,4.040617427182691e-05,-0.3133893424433433
1098,64893.72111343981,4.067443364733456e-05,-0.3188068381971823
1099,64904.582963268054,4.0702847417103134e-05,-0.32652989628366735
1100,64915.44663114248,4.0050631231898204e-05,-0.3137111562424676
1101,64926.312117367255,4.041700428387223e-05,-0.31654090715019356
1102,64937.17942224699,4.026899219335829e-05,-0.3202494134867818
1103,64948.04854608598,4.0971190906813115e-05,-0.2910187254911734
1104,64958.91948918865,4.0855307113629064e-05,-0.32352720290546516
1105,64969.79225185953,4.0967957809771874e-05,-0.30421946970064123
1106,64980.66683440317,4.1068423897266735e-05,-0.31374187760621497
1107,64991.543237124046,4.040745426994095e-05,-0.31048898101770156
1108,65002.42146032709,4.048476678716892e-05,-0.3100670384050973
1109,65013.30150431686,4.076376211339994e-05,-0.31122125488736757
1110,65024.18336939814,4.040927538299369e-05,-0.30891712582137765
1111,65035.06705587573,4.034014375057741e-05,-0.3139907344839291
1112,65045.95256405449,4.042694643626595e-05,-0.31603708421432075
1113,65056.839894239216,4.054363061765128e-05,-0.3102842419203473
1114,65067.72904673513,4.056289786651993e-05,-0.32802894625632956
1115,65078.62002184711,4.097652316344281e-05,-0.303182829376778
1116,65089.51281988024,4.0389611663578175e-05,-0.31072513627197634
1117,65100.40744113963,4.0455086213646294e-05,-0.298647488975866
1118,65111.30388593031,4.0905140458982473e-05,-0.32041594515351274
1119,65122.20215455778,4.105887631645656e-05,-0.3122252119871144
1120,65133.102247327166,4.029110458715712e-05,-0.31894412927946814
1121,65144.0041645438,4.035894115308904e-05,-0.31243484662724547
1122,65154.907906513065,4.078502197777423e-05,-0.31531309196601226
1123,65165.813473540366,4.0186635897129974e-05,-0.3206218536450895
1124,65176.720865931195,4.051195529578557e-05,-0.322505822581668
1125,65187.63008399094,3.985789736511206e-05,-0.31494643981136616
1126,65198.54112802544,3.995028828715916e-05,-0.31505550741683197
1127,65209.4539983402,4.072649564657801e-05,-0.3196123121257903
1128,65220.368695240904,4.061952569085276e-05,-0.3235012933549701
1129,65231.28521903328,4.043070894314539e-05,-0.3242588763672591
1130,65242.203570022975,4.070340766311415e-05,-0.3276344483428988
1131,65253.1237485161,4.007959496734345e-05,-0.3243020748869617
1132,65264.04575481839,4.0741913006970484e-05,-0.3094223988199121
1133,65274.96958923579,4.098159038169362e-05,-0.32124186780771535
1134,65285.895252074304,4.0747321843667136e-05,-0.3313487164996191
1135,65296.822743639954,4.0770122946358095e-05,-0.32272045575603775
1136,65307.75206423883,4.078637086365839e-05,-0.32566000559511554
1137,65318.68321417695,4.035025629373176e-05,-0.31529772499715175
1138,65329.61619376077,4.094883384595005e-05,-0.3280214309252997
1139,65340.551003296394,4.0649303925376257e-05,-0.3147956587347474
1140,65351.48764309013,4.0490853981835246e-05,-0.31607475009184655
1141,65362.42611344831,4.050566828445181e-05,-0.3104443066819547
1142,65373.36641467721,4.070086243789839e-05,-0.31907320618331725
1143,65384.30854708355,4.069642131276159e-05,-0.32049450780756933
1144,65395.25251097369,4.079494557941831e-05,-0.3183736417761408
1145,65406.19830665418,4.061617774632418e-05,-0.32433271180440554
1146,65417.145934431624,4.056127414817327e-05,-0.3106609908678355
1147,65428.09539461268,4.054378792927266e-05,-0.3211002152152239
1148,65439.04668750406,4.102364365390661e-05,-0.31759977812307133
1149,65449.999813412374,4.078267024420598e-05,-0.3132329314017931
1150,65460.954772644705,4.084936300394725e-05,-0.3177613550246959
1151,65471.91156550778,4.045008774441973e-05,-0.3037954767948578
1152,65482.8701923085,4.0687381338716205e-05,-0.3079469525432108
1153,65493.83065335385,4.1027439055612964e-05,-0.3169084341468937
1154,65504.79294895069,4.0768783682647605e-05,-0.3121205398538667
1155,65515.757079406365,4.021900808254624e-05,-0.31858858766510584
1156,65526.72304502786,4.0196164524004215e-05,-0.3279181073890142
1157,65537.69084612232,4.084921121998055e-05,-0.31713452402694775
1158,65548.660482997,4.0695031198898285e-05,-0.322146448434113
1159,65559.63195595914,4.058985368806721e-05,-0.3185668887880429
1160,65570.60526531607,4.101443228212717e-05,-0.3042863924571737
1161,65581.58041137505,4.045774455326279e-05,-0.31831436856439893
1162,65592.55739444376,4.017407299041909e-05,-0.3185144641862313
1163,65603.53621482954,4.0050001571222764e-05,-0.3169817538478058
1164,65614.51687283991,4.037538935064704e-05,-0.3148627763405318
1165,65625.49936878246,4.012506260573725e-05,-0.31066446845804785
1166,65636.4837029647,4.050160883520411e-05,-0.3198199441858974
1167,65647.46987569456,4.0706922037515064e-05,-0.32208079872504203
1168,65658.45788727966,4.048595106759081e-05,-0.31432447207423553
1169,65669.44773802775,4.04292591707367e-05,-0.32047828500810654
1170,65680.43942824671,4.0760820049861685e-05,-0.3172201695780236
1171,65691.4329582444,4.065671229552261e-05,-0.31001502955305316
1172,65702.42832832878,4.013999597969525e-05,-0.3264001753695028
1173,65713.4255388077,4.070148143947423e-05,-0.3078860350707399
1174,65724.42458998947,4.0853439603207755e-05,-0.31894933803390485
1175,65735.42548218205,4.0703520855100295e-05,-0.3291227030187043
1176,65746.4282156936,4.0421933570943524e-05,-0.3166822650023572
1177,65757.43279083229,4.018268287404952e-05,-0.31836372179250344
1178,65768.43920790625,4.032927305621381e-05,-0.31857369292034127
1179,65779.44746722406,4.075375975837713e-05,-0.33354082474892144
1180,65790.45756909394,4.022652006446386e-05,-0.3111282179804482
1181,65801.46951382428,4.0496447159321506e-05,-0.3144696329472281
1182,65812.48330172354,4.055425947871165e-05,-0.3092278310002043
1183,65823.49893310023,4.038355623192694e-05,-0.32156889356222784
1184,65834.5164082629,4.0671164279014367e-05,-0.3040560292867495
1185,65845.53572752005,4.078783051054193e-05,-0.30662411313724103
1186,65856.55689118059,4.112509664644316e-05,-0.30433618267328094
1187,65867.57989955311,4.1253743626007925e-05,-0.3074745829217935
1188,65878.60475294637,4.0905913609436946e-05,-0.3253676582574038
1189,65889.6314516692,4.0822681197159386e-05,-0.31323451860347645
1190,65900.65999603031,4.031748606718048e-05,-0.3130327086810179
1191,65911.69038633892,4.027865767458855e-05,-0.3088372536412628
1192,65922.72262290385,4.092727073230985e-05,-0.31651408913232615
1193,65933.75670603414,4.0281598191722565e-05,-0.323883548935668
1194,65944.79263603885,4.048437265477819e-05,-0.32305878859360826
1195,65955.83041322712,4.041921720126983e-05,-0.3162514194936998
1196,65966.87003790811,4.057645090129086e-05,-0.301576476644041
1197,65977.91151039094,4.1386556055683574e-05,-0.32017124486717535
1198,65988.95483098515,4.0771482377679176e-05,-0.31265003446363554
1199,66000.0,4.0831537372450156e-05,-0.3266305970498641
