Frequency_Hz,Amplitude_d1,Phase_rad_d1,Amplitude_d3,Phase_rad_d3
58499.99999970379,4.649677058949075e-07,-0.5342811659004684,1.1461698538588606e-06,-1.4997562523194548
58501.00200436969,1.9599684856899966e-07,0.6857249814886095,1.0363926003353778e-06,-1.7991147445396187
58502.00400828953,6.422669078707515e-07,-0.6842572497304108,1.2656375181266483e-06,1.3913280912041304
58503.00601220937,2.55170746030378e-07,2.460592979330963,2.405073237624207e-06,0.858930263438489
58504.008016129206,4.5431493633549647e-07,-1.7197356260575465,1.8457505021195947e-06,1.5302532494276695
58505.01002004904,6.679010144342442e-07,0.7168294006998842,4.837742773467388e-07,-0.33121499758839373
58506.01202396888,7.376711387656413e-07,0.2618991790517528,7.970459105887432e-07,0.06601688107113675
58507.01402788871,3.044956254797992e-07,1.414809774723892,5.943973907642358e-07,-0.653944165686251
58508.016031808555,8.71774518521159e-07,-0.9090517832803161,1.9329510834604057e-06,0.3831188261689258
58509.01803572839,6.483825368294351e-07,2.260460824297804,1.4624259241739647e-06,-1.58653885600321
58510.020040394294,7.68535925371532e-07,1.5068104574347139,1.7882735649951067e-06,2.3039183034601067
58511.02204431413,2.5251798187472957e-07,-0.5195879911756927,3.81769808779009e-07,-1.4206954844086825
58512.024048233965,9.415329456300935e-07,-0.3762934004770392,8.280030820995895e-07,-0.12163146497266379
58513.02605215381,6.14407864641438e-07,-0.769306375043603,9.434452809547242e-07,-1.6482650664623597
58514.02805607364,5.881807768922158e-07,2.516285809673075,1.2438049494143826e-06,1.6782098900251927
58515.03005999348,6.494417605006999e-07,-1.5160843441839527,6.292751560932712e-07,-0.6404954722268865
58516.03206391331,4.13594018494504e-07,2.422105948752269,9.210453112137497e-07,-1.4030505197752652
58517.03406783315,3.9130669096115474e-07,-1.4784545043752815,1.0035844271485947e-06,0.414311323413649
58518.03607249906,7.297272865198064e-07,-0.6146842653466116,9.537922765775443e-07,-1.0376098547014683
58519.038076418896,3.541023912730182e-07,0.19340979481950302,3.7463165707086615e-07,-1.7420765443830486
58520.04008033873,4.8063665067622705e-08,1.6065044260080616,5.209762692797805e-07,0.11960609473237724
58521.042084258566,8.310645252556263e-07,-1.619219850901018,1.2338223884164394e-06,0.8515711524103842
58522.0440881784,6.205507939031052e-07,2.7883168134855,6.636762030582993e-07,1.6981325042411932
58523.046092098244,4.5934447195374857e-07,-1.0794277739959943,9.078153058905959e-07,1.9930297297882555
58524.04809601808,4.163323853069749e-07,2.209956053387499,1.5409792801700948e-06,1.9319531734322217
58525.050099937915,5.805006299781755e-07,2.2064239670369936,1.2623495663362644e-06,1.5186823278448587
58526.05210385775,5.350786067296866e-07,-1.3039649611416435,7.787186757454094e-07,0.03397297254544922
58527.054108523655,5.508957575099998e-07,-0.3547234925248316,1.9549320889963924e-06,2.668660965334517
58528.0561124435,7.828523605920544e-07,-1.046482912155747,8.255328089928013e-07,-2.1377240972268
58529.05811636333,7.25221250406811e-07,-2.046070333440718,1.1088207576011908e-06,1.5321968559493713
58530.06012028317,3.626095196614691e-07,-0.0028126911592097,1.2404087728374664e-06,1.7404491190994709
58531.062124203,2.0881299729493856e-07,1.096452565377375,6.339992223139588e-07,1.7515631017892288
58532.06412812284,3.154340004488784e-07,-0.351511169812268,8.401053302787226e-07,2.248672660541913
58533.06613204267,6.762353597445203e-07,-1.2823540826385347,1.6237498938065048e-06,-0.7986394262011551
58534.068135962516,5.105140393358595e-07,1.7202485697982077,1.921688310325049e-06,-1.5319756641590867
58535.07014062842,6.178044945418451e-07,-0.6759751959686959,2.5445387475622694e-06,-1.7205682826473332
58536.072144548256,2.2846521231030417e-07,0.24871513466610526,1.0858663630898405e-06,-0.41457949135846794
58537.07414846809,5.342366083764358e-07,-1.5093075264580105,1.4606427276299885e-06,1.540077820695234
58538.076152387934,2.9975331216146954e-07,-1.1568662871108577,7.085436573733659e-07,0.740094013627083
58539.07815630777,2.641291780175839e-07,-2.242691654850422,7.606649530907636e-07,-0.9240005117392479
58540.080160227604,2.620135137649062e-07,-1.3558024309979984,7.745409046700785e-07,-0.22013648221834314
58541.08216414744,8.652900284534904e-07,-1.8899577025261636,1.0628137752793077e-06,-2.660654726624072
58542.084168067275,1.9360073192768127e-07,-2.073864003130731,1.951661623546547e-06,1.335570854973628
58543.08617198711,3.5988169858636913e-07,-0.8262053867495115,1.9842667613216093e-06,1.559896861540536
58544.08817665302,3.378274132341442e-07,-0.5100818563039123,3.842359925122073e-07,1.3849539286757626
58545.09018057286,1.013444489478161e-06,-0.661821819792892,1.0305307433142824e-06,-2.660705344277429
58546.09218449269,1.0034255223912429e-06,-2.9714341728952687,1.3954548550159084e-06,2.7121336967073835
58547.09418841253,5.249508037117967e-07,1.051443520788454,1.453985503804288e-06,-0.6932813696430847
58548.09619233236,7.315231316321507e-07,-1.055787468424957,5.206173360138439e-07,0.2012818029318492
58549.098196252206,3.08530380482751e-07,0.8178413915759974,1.5509463363130613e-06,-1.9262859921055306
58550.10020017204,5.777942331272079e-07,-1.1938412497522022,1.977536450651183e-06,2.2985272604018707
58551.102204091876,5.449556607180683e-07,-1.4250290467501423,1.824343932047092e-06,1.926135097712476
58552.10420875778,4.2728424027574244e-07,-1.7897746042603697,1.4874269987913349e-06,-1.8348269425295316
58553.106212677616,4.5500160430050837e-07,-1.9520044137431045,6.459216027791743e-07,1.7988352049592613
58554.10821659746,1.5410427346533332e-07,1.0934084474050074,1.9845161698792646e-06,-0.357110890315745
58555.110220517294,3.8492144113807576e-07,-1.4853506275430288,1.0555859542283018e-06,0.8032079430228694
58556.11222443713,1.823753732150705e-07,-0.97419204162835,6.962512513833033e-07,-2.309915748796068
58557.114228356964,7.795275185805331e-07,-2.7999359131695267,1.23418495795101e-06,-0.9160108566443403
58558.1162322768,5.815646993139891e-07,-1.3315942634135318,1.5383396655486147e-06,-0.17908940415680472
58559.11823619664,5.130351729240226e-07,0.511801552484132,1.7199787446464494e-06,-0.5011583612211944
58560.12024011648,3.607653584599471e-07,-0.9702949256214424,1.0453284754552548e-06,2.761861964253337
58561.12224478238,3.6354207685263845e-07,0.3443532380319148,5.566623055274315e-07,-0.5418140706264946
58562.12424870222,4.0872375488246374e-07,-0.22380379904096728,8.68351627156655e-07,1.3602952775276878
58563.12625262205,3.3766029989719275e-07,2.1238402919149566,7.469229872603886e-07,-0.7766779569373058
58564.128256541895,5.134208426819486e-07,-0.7635424222887419,2.0363453516033295e-06,-1.2731909253568099
58565.13026046173,5.736313773641137e-07,-0.055992503533496524,1.2518365415016598e-06,0.7590191239395006
58566.132264381566,6.295187133978708e-07,1.4286120811077434,7.962319549570967e-07,0.457595417957681
58567.1342683014,4.2004663592799376e-07,0.30369277762512964,2.2186985170909595e-06,1.2347854178431756
58568.136272221236,1.201660883748605e-06,0.6084588270169944,1.787471669378629e-06,-2.2491804001565807
58569.13827688715,6.933580154091795e-07,-0.8177734473635626,7.656432854763988e-07,-0.422154711715013
58570.14028080698,6.195469151336003e-07,0.9795326461086443,6.71084011253776e-07,0.5525091323172339
58571.14228472682,4.496289998772764e-07,-1.476448586006328,9.638456945397181e-07,2.566772723268774
58572.144288646654,3.6426640919986295e-07,-1.0451522677135645,1.2739359247543356e-06,-1.2559096154095688
58573.14629256649,3.66152175005144e-07,-2.1422767903206728,1.8023579236455315e-06,-1.2155827187919936
58574.148296486324,5.033272610787776e-07,2.5906527644551796,1.3241764783153893e-06,0.956282465712884
58575.15030040617,8.160750634346581e-07,-0.8668664021400906,5.045897033738374e-07,0.8629170964223867
58576.152304326,7.756783481827379e-07,0.0981521378023128,1.5384748399922822e-06,-2.4388988416628883
58577.15430824584,5.456711974017051e-07,0.8985993678209715,1.092670617689363e-06,-1.456219653726033
58578.15631291174,6.175175385908569e-07,-1.0727371198764446,9.970189187720116e-07,-0.49844875268707955
58579.158316831585,6.850704137787111e-07,-0.3340474733948347,1.3248675932984403e-06,-1.2652437134949588
58580.16032075142,3.8296891243831294e-07,0.5745866823881418,7.727224474621162e-07,0.19754437104912587
58581.162324671255,7.443268335103974e-07,-0.28159742067934024,8.045162379450437e-07,0.2794671911635645
58582.16432859109,3.9601755912864885e-07,-0.9823329065569356,1.3387782495466441e-06,1.6094731456366307
58583.166332510926,8.034586389034613e-07,1.6777013102406513,1.681428213561903e-06,-1.949186623287241
58584.16833643076,6.217541175870821e-07,-0.22954839042879466,1.4144653008292534e-06,2.4490826951983107
58585.1703403506,6.078139316768343e-07,0.13770971144068486,4.820898021942371e-07,1.493599549737541
58586.17234501651,7.860381253931825e-07,-1.5534360963021565,8.817410354060945e-07,0.8659703014594322
58587.17434893634,3.724236985205651e-07,0.2551378131038741,1.017056167933443e-06,-0.5771772790723592
58588.17635285618,3.8621074408005754e-07,0.1683257846293133,1.697280752386952e-06,2.695280622549988
58589.178356776014,2.3464562338301877e-07,-0.6370933596857359,1.1262657831568879e-06,-1.296660633666178
58590.18036069586,3.4523765161948087e-07,-0.5351457979801425,1.2763927626819087e-06,1.1699612624009654
58591.18236461569,5.617527290140417e-07,1.1260089456377145,5.45148857754986e-07,-0.390313595114631
58592.18436853553,5.861670544564092e-07,-1.0409293283154906,1.3184145666880293e-06,-0.4250792762940592
58593.18637245536,6.511078220954366e-07,-0.41466234806851165,7.990413736426159e-07,1.64612129296791
58594.18837712127,4.089902777272694e-07,0.28617530467085317,1.211388390826014e-06,1.921015758348921
58595.19038104111,5.003348883616196e-07,2.501602032632542,2.0278612393562292e-06,1.3761586717191399
58596.192384960945,4.2022494641898975e-07,-0.7494142136631332,8.450960112673012e-07,-1.9501068980024103
58597.19438888078,1.1679175000561712e-06,-2.153353417391983,7.233657192656859e-07,-1.7737174882900124
58598.196392800615,6.195551851782794e-07,0.17303379734012642,9.304486609685297e-07,-0.6237557862971019
58599.19839672045,6.755969261236367e-07,0.7804951786740213,1.092486930762113e-06,-1.5075379798829012
58600.20040064029,6.387044476648027e-07,-1.234673426521776,1.1727317233641088e-06,0.5650578440552337
58601.20240456013,4.886466969578091e-07,-0.44052188122970526,9.04811160172441e-07,0.26977166437354516
58602.20440847996,1.818504739840007e-07,-0.07960784832739505,7.096925318953834e-07,0.8244748229169694
58603.20641314587,8.688446278327881e-07,-2.342010459262994,1.2313975540663102e-06,1.8109170288470884
58604.2084170657,3.450828937833579e-07,1.7363461127849142,1.4272176512076044e-06,1.2683145553178197
58605.210420985546,2.289078227528131e-07,-0.008363706508669095,1.3514301095684012e-06,-0.7075784947226625
58606.21242490538,4.118584913318471e-07,0.6218902042735722,9.320348719452018e-07,2.3124391676774834
58607.21442882522,3.8999577462627794e-07,1.628531386518808,1.6764883327652053e-06,-1.1727805093580106
58608.21643274505,5.619590617304445e-07,-0.8628310046618427,1.2613855531679708e-06,-1.7614777302112616
58609.21843666489,7.44293178270145e-07,-2.0149291501224207,2.8108707256859875e-06,0.8707764723583538
58610.22044058473,3.155271782406848e-07,-0.395266628659915,2.215918819087318e-06,1.2937554012560037
58611.222445250634,2.90431230598343e-07,0.9378860102698939,1.6844470754324505e-06,-1.4588757428915382
58612.22444917047,4.5414428877678576e-07,0.6268826782829892,8.121299745651041e-07,-0.2718736345779746
58613.226453090305,5.916425833621898e-07,-1.5400248424725116,5.782898472997066e-07,1.011304009944966
58614.22845701014,6.114899350372599e-07,-0.16778649553372096,8.91106058998204e-07,-1.6330451761643363
58615.230460929975,7.586315469253897e-07,-1.4174792543090016,1.732177714519495e-06,1.5559755641553432
58616.23246484982,5.425261600375495e-07,0.022815617442449164,2.4446468343784337e-06,-2.474559235880528
58617.23446876965,5.778957614750027e-07,-0.6397674755076036,8.719558731314932e-07,-1.1613071898771228
58618.23647268949,5.893784020880542e-07,-0.3860496906069028,2.224661411913374e-06,-1.6311357505780555
58619.238476609324,5.307571280341014e-07,-0.5534268714874713,9.764838140358732e-07,0.9268179885804642
58620.240481275236,3.906222099774614e-07,-1.6501923216764613,1.0793775634367368e-06,0.5932053377516086
58621.24248519507,8.490644609187974e-07,-0.7250610515991621,8.189816110969938e-07,-1.4061965798469984
58622.244489114906,8.801483766217732e-07,-2.7363121537746817,8.244890257222276e-07,1.491550925194086
58623.24649303474,2.4058172044758014e-07,-0.06891811207081176,7.332785078222111e-07,-0.6739175544951783
58624.24849695458,2.2480482335305543e-07,-0.15075404753659544,7.677230062503209e-07,-0.8191462799657266
58625.25050087441,3.142409831787028e-07,-0.5222102555579127,4.729707509985438e-07,1.8365586901672157
58626.252504794254,7.885864716791039e-07,-0.42233193890043674,3.134007048276784e-07,0.9082661104972208
58627.25450871409,2.9779302344874887e-07,-0.7939770866642215,1.0906423228264278e-06,-0.6294539142967666
58628.256513379994,5.694389650947832e-07,-1.7478161546484907,1.38888852259884e-06,0.2557532421232836
58629.25851729983,2.9300812917949305e-07,-1.170928970047082,1.2980646194401746e-06,-1.3802841223344797
58630.260521219665,8.95867853129248e-07,2.2050454844362233,1.4752937411542783e-06,2.5843201332069623
58631.26252513951,7.149086382197786e-07,-0.43635639415917055,7.984428982670921e-07,1.5264444667090415
58632.26452905934,3.27938183954389e-07,1.2089283649514195,9.921813829322991e-07,0.7806058750078045
58633.26653297918,3.0157539176002465e-07,0.48402062533119233,4.4028582973558754e-07,0.7356285478412476
58634.26853689901,9.251547613976898e-07,-0.7238031785323451,8.483003104451979e-07,-1.5901634632520854
58635.27054081885,4.148945263710931e-07,0.8204807064177281,1.0990538392255864e-06,-1.3761701356953728
58636.27254473869,4.160746213608769e-07,0.007320639734901594,1.1842414169014291e-06,-2.7053605900048976
58637.274549404596,1.0823066845345137e-06,1.018928724435104,9.343524915945271e-07,1.883603300144406
58638.27655332443,2.5907476325904493e-07,-0.1298583084284114,8.412061296834484e-07,1.4364929996991744
58639.278557244266,4.50804667157419e-07,-0.3439153906877535,1.1932149537432773e-06,-1.5938718038460493
58640.2805611641,3.4019419966096995e-07,-1.947818523317696,1.0458399818885152e-06,-2.0100546685225673
58641.282565083944,5.037913047845246e-07,1.3588000266217077,1.8764547071777578e-06,0.7369048781158976
58642.28456900378,1.9854616579126223e-07,-0.7874053102148701,1.8465408218689056e-06,0.15434427520028648
58643.286572923615,7.653038891247842e-07,1.453839057974107,7.857710090497447e-07,0.142993342872389
58644.28857684345,2.587753053330228e-07,-0.058984508734820695,8.852469207869465e-07,0.19810717351774357
58645.290581509355,4.836515280327907e-07,0.7233973492304812,7.444679106114209e-07,-0.9089553827113688
58646.2925854292,3.1341873199784114e-07,-1.4983099942944917,8.3558852034225e-07,-0.42715966109274167
58647.29458934903,5.510047810375608e-07,-1.0795988908278966,1.6812272527015475e-06,1.6231053207190118
58648.29659326887,3.461211241737716e-07,0.039632854674043295,5.512473865388426e-07,0.02350777478106089
58649.2985971887,5.255264043729418e-07,-0.7379240401467984,8.475216274021944e-07,-0.38790996114138493
58650.30060110854,5.845362816018374e-07,-0.6558809064521871,6.555012179153941e-07,0.6487001818617094
58651.30260502838,3.9000036756110436e-07,2.528971647493827,6.576390134370845e-07,-2.0444912638540655
58652.304608948216,7.493848908024405e-07,-0.16512380887309958,9.751206166694557e-07,1.4462522470737025
58653.30661286805,6.464409533449484e-07,0.7339138983605334,9.589940014649853e-07,-1.380242856620765
58654.308617533956,3.776326841448567e-07,-0.15512715483871695,1.2392491513403832e-06,-2.08344280379964
58655.31062145379,7.522336887416741e-07,-2.773585904076456,6.502761455154025e-07,-0.42664784845601433
58656.312625373626,3.977659256314523e-07,-0.4325614376579855,7.471072808227172e-07,1.3931950609460844
58657.31462929347,1.0818616057007401e-06,-0.32059406965801823,1.058222005465464e-06,1.7549731830621684
58658.316633213304,8.045840522031074e-07,-1.0705971541099293,8.972952396317372e-07,-0.629439055916976
58659.31863713314,5.700014996071652e-07,-1.4644247362205487,8.418988928420341e-07,-1.1852841694863032
58660.320641052975,8.266482265616054e-07,-1.4231948880958214,2.4825273882820473e-06,2.0285931150616507
58661.32264497281,8.804187862238004e-07,0.2438278165304726,9.303503512735379e-07,-0.47572063072129095
58662.32464963872,6.270821412343522e-07,-0.9022812055963745,1.3848624378190812e-06,2.9062170264937333
58663.32665355856,7.469442371198598e-07,0.23850208629306213,2.2121703424527505e-06,1.768423707581011
58664.32865747839,1.1031488742844852e-06,-1.2671676877116682,1.262627409094286e-06,-0.1933017687583234
58665.33066139823,1.1589545315231716e-06,-1.0223670071876614,1.5722548311451574e-06,-0.681499006241218
58666.33266531806,1.7629932687936968e-06,-0.09800972828016508,1.336146306426634e-06,-1.1858790072756944
58667.334669237905,1.5341411369125958e-06,-0.46919902394493385,1.2501118819500547e-06,-1.3711354711518626
58668.33667315774,1.6086614677374318e-06,-0.6422348250464909,7.277067986015546e-07,-2.6214352281787745
58669.338677077576,1.0299358571742696e-06,-0.8201769040031326,1.4779479022409497e-06,-2.806256544040818
58670.34068099741,2.514396240213534e-06,-0.2813190462886014,1.3233055963340483e-06,-1.444907834748146
58671.342685663316,2.7766153825010106e-06,-0.6765327657569472,9.039263423997666e-07,-1.6395029689875231
58672.34468958316,3.3132386101106047e-06,-0.7990525448695831,9.42980637765379e-07,2.0741871197679425
58673.346693502994,3.6534960317477187e-06,-0.9350688100816541,7.064996153285755e-07,-1.3707228066043646
58674.34869742283,4.39231572241916e-06,-0.8934642998815482,5.973589107866339e-07,0.13837111838638907
58675.350701342664,5.515077957278571e-06,-1.0398542561050788,8.974360222367018e-07,0.2757345302759168
58676.3527052625,5.208528700409214e-06,-1.0725701367477487,6.386771068479144e-07,-1.800046307121759
58677.35470918234,6.049450617882429e-06,-1.0542381127372646,9.036039662408971e-07,1.5883520220559262
58678.35671310218,6.803392273877215e-06,-1.1022734431749734,1.3854150919988824e-06,-2.353839057021868
58679.35871776808,6.673436745957814e-06,-1.2807715399792212,6.055692566172901e-07,-1.486673870950043
58680.36072168792,7.255435154719635e-06,-1.305985642627545,1.257511282029037e-06,0.8776407884587483
58681.36272560775,7.243144897614603e-06,-1.4099986915050335,7.708189711816784e-07,-2.0966001746012823
58682.364729527595,7.212449473038012e-06,-1.4875957997890963,5.374640444323177e-07,0.25211955318306356
58683.36673344743,7.423001405266982e-06,-1.5831632737516566,1.4747530777592727e-06,-0.3009565210016854
58684.368737367266,7.696224833140746e-07,2.530582230671183,1.416685584406396e-06,-1.3903247262967355
58685.3707412871,4.785341730730814e-07,0.6315572869914359,1.1599278036637734e-06,-2.4156491797689172
58686.372745206936,6.391435127015687e-07,0.274487227956879,1.485419174363601e-06,0.6987215891207681
58687.37474912677,1.7628076390998783e-07,1.6521399869307658,4.287480669013446e-07,-1.4438786761286737
58688.37675379268,2.6136461673315934e-07,-1.433240865805797,5.758050668610442e-07,-0.7230106100103881
58689.37875771252,4.363851652240695e-07,1.8585204846577195,1.4481261904448542e-06,-0.2396904517883998
58690.380761632354,6.651527946875054e-07,-2.224653328844031,1.0777126039923456e-06,-0.12229234326534785
58691.38276555219,7.953457122079302e-07,-1.273113779392496,4.617666416791789e-07,0.1288150492677576
58692.38476947203,9.22325361569212e-07,1.8208093406337502,1.575233053237942e-06,-1.216972770384648
58693.38677339187,3.4617559564498753e-07,0.09383931986169758,1.0534585931530934e-06,2.556858857992746
58694.3887773117,5.866211856633311e-07,-1.8605136718490627,1.1988807959885846e-06,2.1677069608333395
58695.39078123154,2.1797202766228874e-07,-0.001267970378408062,4.174388937788529e-07,1.8751838525853173
58696.39278589744,6.145697185600353e-07,-1.468799833758444,1.0626759743792458e-06,-1.6879593730421614
58697.39478981728,5.902956210824536e-07,0.8428821693996232,1.5728805726991703e-06,2.157173579884731
58698.39679373712,8.035411523849785e-07,1.330606476052193,5.484069384854185e-07,2.163106388709617
58699.398797656955,5.7584891830718e-07,-0.20986886839316515,8.917258652415833e-07,0.4253257486011836
58700.40080157679,3.5995411354068107e-07,-2.4147752318920035,1.2063342257812826e-06,1.0722258224551426
58701.402805496626,7.085367643223937e-07,-0.5206278222801692,3.4320086403533844e-07,-1.2261976875368659
58702.40480941646,5.847023388664281e-07,-1.588488856217747,8.815523334635124e-07,-0.15754778814555348
58703.4068133363,6.236511106339066e-07,2.1905443969645564,1.3218032049446422e-06,1.193723166735685
58704.40881800221,4.985496231119958e-07,-0.986575194935382,1.1049547019045682e-06,0.9538660840981809
58705.41082192204,2.870755545147547e-07,0.6397878986131462,9.676206168048533e-07,2.124024620340095
58706.41282584188,5.07014914021775e-07,-0.9685162029740346,2.089288520080552e-06,-2.000946555447139
58707.414829761714,3.381980251097235e-07,-1.9186527594936584,1.3223265640332694e-06,2.4587608951685302
58708.41683368156,5.440938789641334e-07,-1.239007865185721,1.2689150869675811e-06,2.7118966169308236
58709.41883760139,4.0819604056687023e-07,-0.054558198885401456,4.232042190225088e-07,0.6263843609721386
58710.42084152123,2.702155373129221e-07,2.649841733632267,2.086094035305461e-06,-2.5498332669764743
58711.42284544106,2.8293471519429703e-07,-2.006335297448443,1.0790616771016041e-06,-1.3618601683915303
58712.4248493609,1.1379553581561925e-06,0.44836661095433294,2.3422122132687144e-06,-0.22387883793905425
58713.42685402681,5.134155124565497e-07,0.9708677453829223,2.1188263016199218e-06,2.6218416543399763
58714.428857946645,3.1629623374488637e-07,-0.7762485209180711,7.126405979778044e-07,-2.8263876381817457
58715.43086186648,4.891340632058577e-07,2.660353949253049,9.62143413428356e-07,-0.7595750737309419
58716.432865786315,6.910593992842072e-07,-0.4478406181975329,2.111975041780766e-06,-1.3998353870345341
58717.43486970615,9.2546252565481e-07,-2.243425586044636,1.779727277687549e-06,1.2168409283611672
58718.43687362599,6.239340559831103e-07,-1.203114455581159,1.243233181421071e-06,0.6427127815245448
58719.43887754583,4.978508786707668e-07,-1.1130368177893604,2.3697436134012828e-06,-0.5167356281345011
58720.44088146566,4.729764213532008e-07,0.6775667020448582,8.701851686662253e-07,-0.8934498270311321
58721.44288613157,8.043373610116059e-07,1.7420202804374896,1.5605864553843071e-06,-2.6462362502581716
58722.4448900514,3.407083089921251e-07,-0.7622447742860134,5.516728988862803e-07,-0.894304657457817
58723.446893971246,7.30845202624663e-07,1.373845920240885,9.463848661929142e-07,-0.03487857394832094
58724.44889789108,5.722360825090794e-07,0.2868477066743856,1.4038930656607227e-06,2.2875731324306927
58725.45090181092,4.151470640916606e-07,-0.878238875575658,1.0034881828742813e-06,-0.23644051647252406
58726.45290573075,9.926311751051085e-07,-0.8904210000508211,9.033077170482161e-07,-1.0953738787427283
58727.45490965059,5.90243457534495e-07,0.8452857171667932,7.186085150042993e-07,-0.31616096675016
58728.45691357042,4.6174908161303487e-07,-0.23301853775157627,9.853532091412325e-07,-1.396753657559842
58729.458917490265,4.791020532927455e-07,0.20280299373028932,9.87123941506731e-07,-1.4851428682806052
58730.46092215617,6.036488364138683e-07,-1.853695383596144,9.421511123775057e-07,1.068069244465615
58731.462926076005,4.528254136001905e-07,-1.8994755510135373,1.1017635418667415e-06,1.7977874062452752
58732.46492999584,4.5201445721041744e-07,-1.6255520819140146,9.098628792039723e-07,0.3851931947961803
58733.46693391568,5.658846088293238e-07,0.04106184939922395,8.00308394965646e-07,-1.1697818836792133
58734.46893783552,4.2179275276142915e-07,0.951849392083807,1.2007086242487716e-06,0.4507535188340118
58735.47094175535,1.6574733837460407e-07,-1.2952233694987552,1.6280628097917153e-06,-2.2829108355581544
58736.47294567519,4.494297297792127e-07,1.8128739082254368,1.0353901508094695e-06,1.288318850845775
58737.474949595024,4.555026798915054e-07,2.531364686081527,5.602654683934871e-07,-0.8252158674007157
58738.47695426093,3.390064090540269e-07,-0.4261584827332397,1.5467221160383013e-06,0.749428091364046
58739.47895818077,3.4729980707878093e-07,2.1924845000953703,1.6504351850358868e-06,-2.3124667039164537
58740.480962100606,3.2777177888154067e-07,-0.5507547351836579,8.225027874244279e-07,0.19062220863951423
58741.48296602044,4.2321081449715956e-07,0.952797964435078,2.0587717529663965e-06,0.34765393031308534
58742.48496994028,3.0246225148480527e-07,-1.3902270232000409,1.4052313385781183e-06,-1.3225292581450052
58743.48697386011,6.140821565089127e-07,1.009597352325021,1.0956471466959209e-06,1.815327950284622
58744.488977779954,6.172250994022116e-07,-1.0549999935363947,1.1722474884142288e-06,-0.9521168000426452
58745.49098169979,2.594618869009046e-07,0.7544328863189548,8.236291422917483e-07,1.4447462582061723
58746.492985619625,4.729697331812823e-07,0.04455971795624922,6.292853796793316e-07,2.08535652723315
58747.49499028553,4.65037821452691e-07,0.12526179083663314,2.4019872353600513e-06,-0.6063691307363122
58748.496994205365,5.740724002382064e-07,0.09624283283896012,1.1955284645158888e-06,1.2791173249819519
58749.49899812521,7.628813993738148e-07,2.169857248846233,2.852592921832026e-07,0.8729293776480772
58750.50100204504,7.499312557542365e-07,-1.7255628191534302,9.341321927889285e-07,-2.588016061339141
58751.50300596488,4.434054584724267e-07,1.7967134630341701,1.968578228321471e-06,-2.4236225016114523
58752.50500988471,5.359513476388752e-07,-1.5210400316452573,6.904206403786694e-07,1.2146844397074934
58753.50701380455,8.940000108290826e-07,-1.4326612360504767,8.648577276681416e-07,0.5648773693616826
58754.50901772439,3.0948200804390507e-07,-1.6958789763230422,2.2400516355924025e-06,-1.3382484587964125
58755.511022390296,2.2886009821447182e-07,-1.1595046859143558,7.305675128470509e-07,-0.23663517965111025
58756.51302631013,6.671166119419976e-07,2.387668602336614,1.5242503223780551e-06,-1.2451796860715356
58757.515030229966,6.385041631709035e-07,0.2251648887531534,9.39103938414623e-07,-0.9723401036270133
58758.5170341498,6.061884770727539e-07,-1.420840939799625,1.1383438737744848e-06,-0.6131036045131376
58759.519038069644,6.661450639336506e-07,-2.5784723709911543,1.532745236727085e-06,-1.046632764419591
58760.52104198948,7.888292725235572e-07,1.8176069437201008,6.856409390178323e-07,0.10638436326921646
58761.523045909315,7.105782254401601e-07,-0.2608836998353549,7.155802097417812e-07,-1.5397024108729118
58762.52504982915,5.012897430042244e-07,0.4263225501086944,1.3078951094028526e-06,1.7710682643561322
58763.527053748985,4.089429530332324e-07,1.3030542953927364,1.2043958157156112e-06,0.10031316646714689
58764.5290584149,3.6673115425747536e-07,2.2142277798465866,2.6823174353622e-06,-2.161580801082115
58765.53106233473,3.0264605434469297e-07,0.9093836413665556,6.757629792958743e-07,-0.12623281154436958
58766.53306625457,3.769847604244783e-07,0.0654320683527546,1.6264281174161372e-06,1.17895858783833
58767.5350701744,2.672775336300152e-07,1.0412997234462746,1.4956036977609817e-06,-2.289093055965275
58768.53707409424,3.7154438773145317e-07,0.07811501523852223,6.381935869971526e-07,-0.3205657800918061
58769.53907801407,9.452809221095062e-07,-0.169274008236531,1.5506089669690956e-06,-0.009883113080272777
58770.541081933916,1.819431299194572e-07,-1.7883005013564814,1.362386806089301e-06,-1.6946111685417535
58771.54308585375,4.7881217304886e-07,2.2336243734889747,8.323130591624956e-07,2.1586700205798928
58772.545090519656,3.048795625535414e-07,0.7279873342404494,3.2300891826276907e-07,-0.05931435680699693
58773.54709443949,6.205095180972818e-07,-1.4731186097711826,1.1883154022511343e-06,-0.7691307499626349
58774.54909835933,8.102939464638457e-07,1.0014169645356206,1.6319506892876869e-06,2.1342042790365188
58775.55110227917,4.854371810153073e-07,-1.9043652214721793,1.5539757205887498e-06,-0.5692279435025729
58776.553106199004,2.8487865954722606e-07,-1.5577457832755273,1.5040803681840093e-06,1.7063484179396429
58777.55511011884,3.7146323753686283e-07,-0.91745659371596,2.2945311040497767e-06,2.44497816986947
58778.557114038675,5.646761736965339e-07,-0.9661099212930568,1.1328333992860762e-06,0.3514733711044737
58779.55911795851,3.8415969947728564e-07,-2.431574942117969,1.2459976332676194e-06,1.8699747301785645
58780.56112187835,7.207410210734751e-07,0.5285128743292785,3.448289561275732e-07,-0.3564375421471616
58781.56312654426,4.1579660980973876e-07,-1.668640952086178,1.8464252249366256e-06,-1.2286024384493686
58782.56513046409,2.3431129277125533e-07,-0.9503357044972832,1.463784901852023e-06,-1.725116139689695
58783.56713438393,2.4152578733844444e-07,0.8278633168710057,2.4755515513775406e-06,2.8648703945384817
58784.56913830376,1.305211767417175e-07,-0.6085068952934861,1.286838435480836e-06,-1.9045679485155707
58785.571142223605,4.777366132760138e-07,-0.36893193979268857,9.55698591409759e-07,0.09887402743645847
58786.57314614344,4.3630936765355606e-07,1.4045802276397525,5.511563295988347e-07,-0.7984358056599933
58787.575150063276,1.1178881466608122e-06,0.744428906815296,9.441367204553258e-07,2.1821230532683837
58788.57715398311,6.266287085377829e-07,-0.2206854375507955,5.800469860040526e-07,-1.7077205481769502
58789.579158649016,7.371889813144187e-07,-2.218189349177417,1.3497379767556335e-06,-2.227114662463024
58790.58116256886,4.097069106062736e-07,-0.8226442309360084,1.0863096855583107e-06,-0.46269335644971843
58791.583166488694,3.2950452895687813e-07,2.1807307074666653,9.026817193506997e-07,-1.937413487171111
58792.58517040853,8.182606585610041e-07,-1.2425045132545127,6.85541237044188e-07,1.9656463434498277
58793.587174328364,5.484538805588761e-07,-1.8855757646877558,6.088252292228564e-07,-0.758174021192261
58794.5891782482,4.549019964029516e-07,1.5568641057208448,7.009679415059485e-07,-2.575338497510655
58795.59118216804,3.9088165061274217e-07,-0.6274740027653014,4.256812300778414e-07,-0.8674994095378251
58796.59318608788,4.2294658599119966e-07,-2.267131490098844,1.5589612069469095e-06,1.5530521887464825
58797.59519075378,9.046430828090115e-07,-2.807364137906672,1.1319788533168007e-06,0.565534621583111
58798.59719467362,1.9535411827561808e-07,-1.0467112163119825,9.018205492682724e-07,1.1205976535479276
58799.59919859345,9.328146994412205e-07,-0.8591895480542968,8.805000324580716e-07,-0.30540164214474325
58800.601202513295,5.444368076391657e-07,0.009201138342066165,2.278011451212127e-06,-2.3847702585479222
58801.60320643313,3.2011666092408276e-07,-0.6800463603490072,1.0543231831372205e-06,1.4273805837231694
58802.605210352966,3.2966898543771697e-07,0.8457927079028997,7.345070197425466e-07,-1.2347839692164617
58803.6072142728,6.500334706845047e-07,0.48971794827331705,2.31481462063889e-06,2.5775493938087286
58804.609218192636,3.290885061459795e-07,-1.6527891066312257,1.1995302137142012e-06,-0.5331400341136813
58805.61122211248,2.3669233738794336e-07,0.570795861021789,8.923004744270667e-07,1.2469097101984472
58806.61322677838,2.962031955627585e-07,-1.6205509144107075,1.0863591960154949e-06,-1.6180950559722234
58807.61523069822,1.012418145570326e-06,0.9952893542875824,9.017041512206083e-07,-1.6828088681292217
58808.617234618054,2.596674449462943e-07,-0.255299017710183,5.318736262244457e-07,1.7731417700081131
58809.61923853789,1.3827078786642323e-06,-2.5563253511408703,1.7561591788807925e-06,-1.4988802068376261
58810.621242457724,5.792630659826303e-07,1.0120975260211316,6.423577712208681e-07,0.9721986041568467
58811.62324637757,5.364298011763884e-07,0.6406533804328984,5.956294729155776e-07,-0.20628972456136552
58812.6252502974,1.1227154361629547e-06,-1.9358550190832327,1.6342946613998686e-06,1.729206489145193
58813.62725421724,5.569175489484823e-07,0.12596938432962995,1.6374813465455412e-06,-2.2439824665018318
58814.62925888314,8.771141746361105e-07,-2.5334088541373063,1.1418657984291478e-06,-2.019222147007247
58815.631262802985,8.640525976225592e-07,-1.019604824028463,5.135146057448068e-07,-0.26811488792138416
58816.63326672282,5.448535578139188e-07,1.622349294332567,4.5663503788171073e-07,-0.7471313201165601
58817.635270642655,6.006033403144923e-07,0.7029080942237173,1.1543799957134271e-06,-1.6566198701270016
58818.63727456249,4.3519755350330004e-07,-0.44639009973724797,5.317803851930676e-07,-0.65230842904896
58819.639278482326,6.463530747928806e-07,1.5354584444205344,1.385101118634159e-06,2.7836082115048115
58820.64128240216,1.247511265557422e-06,-2.3151107580795554,1.7881267368751624e-06,2.357214549215119
58821.643286322,2.1267425261085817e-07,0.664410515611685,8.415477671812574e-07,-0.4812791865406684
58822.64529024184,6.123193332544877e-07,-0.288167905998187,8.52299813684889e-07,0.3533664801261931
58823.64729490774,4.186334671331279e-07,1.5988298958891398,4.766389829395671e-07,1.3955775483490587
58824.64929882758,2.8621899549544025e-07,-1.6334869568912394,9.57987421075929e-07,2.249011987325524
58825.651302747414,1.0203364885614922e-06,-0.11336291326391253,6.111442282134141e-07,0.6151099752048639
58826.65330666726,6.137638913772478e-07,-2.0668229368746007,1.8278524524837875e-06,0.1745276266172411
58827.65531058709,3.926412889320614e-07,1.6597950730972975,6.505927229048313e-07,0.9458071676957042
58828.65731450693,3.573511090929508e-07,2.415995738026902,8.092343569930808e-07,-2.0311937813904146
58829.65931842676,9.5424794651283e-07,-1.081517471452024,2.090245682145048e-06,-2.4707137228966136
58830.6613223466,8.201829936234988e-07,1.1822343530070127,9.457977072486408e-07,-1.3441673625394381
58831.66332701251,7.813256610704676e-07,0.5210369851856963,9.588439084914937e-07,-2.32026152358661
58832.665330932345,3.509704864741277e-07,-0.9681990342503815,5.984718181967085e-07,-0.7724608825701218
58833.66733485218,1.2176362828558306e-06,-2.566839364406326,1.0568347657953722e-06,-0.02403933956291864
58834.669338772015,3.096077258933321e-07,-2.4001171873706806,9.373320763806092e-07,-0.19450800466739457
58835.67134269185,8.260642022054508e-07,-1.4490096291055268,7.418994925387257e-07,-1.3700740669775022
58836.67334661169,5.797738440445225e-07,0.13354672994715405,1.280859027629666e-06,1.1025337211029118
58837.67535053153,5.90220207016581e-07,-0.2063089729428166,1.7547627409502988e-06,-1.8955862519969036
58838.67735445136,4.627476049880636e-07,1.1053853191554064,1.974447367048001e-06,0.11766395408857773
58839.6793583712,7.167941160681875e-07,-2.140981507507,1.135897614031604e-06,-1.6085858331866967
58840.6813630371,4.5452186533196175e-07,1.0767433119532177,2.5097788788089172e-06,-1.5010590903371213
58841.683366956946,2.8665556997116517e-07,-0.45523559696039767,9.742132829832024e-07,-0.14901134661031726
58842.68537087678,7.780295433003375e-07,0.9351106228751701,1.526471778485685e-06,1.0374293051698464
58843.68737479662,1.5420321030627866e-07,-1.5262644965171985,5.89489544792826e-07,-0.12627188954824464
58844.68937871645,2.4247526630811995e-07,1.085336139064236,1.3594938350971035e-06,0.6972078395977401
58845.69138263629,3.3063646373582735e-07,1.8649576958452754,1.2674012723742722e-06,-1.829476568330638
58846.69338655613,3.3155216217301117e-07,2.2786683594705206,4.5924062484754886e-07,0.27282140698668583
58847.695390475965,3.4149022746524825e-07,-0.7974006181820711,1.802802418745791e-06,-2.2769567064193854
58848.69739514187,5.427847487293177e-07,-1.3917384660733927,1.9974412800321656e-06,-1.650808600322462
58849.699399061705,4.734808509091601e-07,-0.691651921314882,1.6574309949930565e-06,-0.003958991553937715
58850.70140298154,7.429164493007393e-07,-0.41750932561279985,1.672955900257993e-06,-2.1206900284981023
58851.703406901375,6.187535167689306e-07,-2.4641312177294123,1.1020021948720343e-06,1.0070679481653548
58852.70541082122,1.4643085810515047e-06,-0.10566912937527927,8.21690687298203e-07,-0.30376033420468335
58853.70741474105,6.288411875410487e-07,-1.531857528276528,2.0071661004080123e-06,2.3917529493225564
58854.70941866089,5.627217240921507e-07,-2.2424890384625353,1.1586517666843236e-06,-2.273245769364154
58855.71142258072,6.952956204878789e-07,2.730681076447884,2.038177163639717e-06,1.5038649675402276
58856.71342650056,5.158009719659283e-07,0.49991150724809036,1.8538446370855003e-06,1.537918750032087
58857.71543116647,6.702134169865335e-07,-0.6748649339063827,1.4748635097154887e-06,-1.7401063698369976
58858.717435086306,1.1617549526316694e-06,-0.8505292187303057,6.129982038523501e-07,-0.2670493920160279
58859.71943900614,2.34792933907373e-07,2.2143295712718,8.432352872322451e-07,1.07548762782175
58860.72144292598,3.023279483363398e-07,1.0245792433790921,1.0390312356390184e-06,-0.2284126585271931
58861.72344684581,7.165820954220102e-07,0.3846837859228621,7.677848291979325e-07,1.5669737566505502
58862.725450765654,7.430494566086239e-07,1.7182012520443868,4.4292960696503343e-07,-0.8165582092103377
58863.72745468549,5.137776220633395e-07,-2.6259654390168308,1.6494080786739995e-06,2.422514601201635
58864.729458605325,3.497043544939678e-07,-0.7270449506715915,6.663830029332533e-07,-1.6642325918001801
58865.73146327123,3.3134561868999346e-07,1.83224723860522,5.553203965839677e-07,1.5737053891977493
58866.733467191065,6.876127742340137e-07,-0.503665133828404,6.120844699161548e-07,-2.6195441428493367
58867.73547111091,2.813849687996553e-07,-0.3472823969018319,1.3525405095598583e-06,0.3714257493017274
58868.73747503074,4.585332204140733e-07,-0.6643821890996421,6.326038354430522e-07,2.128305859434857
58869.73947895058,6.267764153896694e-07,2.6879912300001583,1.542564522878871e-06,0.8468290194719923
58870.74148287041,3.6762108146554954e-07,1.5377918208669596,1.5598290101948412e-06,-2.3466822539891106
58871.74348679025,4.5092133690478296e-07,0.2745876518635061,2.144304351524512e-06,0.3275899875056387
58872.74549071009,6.16180625371569e-07,2.054220092061645,1.0622489761616308e-06,-0.03323121158175382
58873.747494629926,1.3629981483369198e-06,1.5742323984457531,1.2320417051164617e-06,1.4989857414754397
58874.74949929583,1.0363152864761048e-06,-1.3064759611374388,1.5821083502320068e-06,0.7811601281448536
58875.751503215666,5.031864670665119e-07,-1.8381698671867681,1.7110597322826926e-06,-0.1520607083924216
58876.7535071355,8.726665052417731e-07,-0.8572229905921457,1.2700729330624004e-06,1.4763752837003299
58877.755511055344,7.35562592087115e-07,0.3688594532696894,1.1693581057859572e-06,1.2038751537043555
58878.75751497518,4.859261348362249e-07,-1.506652130308458,1.324561661034939e-06,0.7410733801108361
58879.759518895014,4.99093151096559e-07,-0.20746139997119936,6.687187093380259e-07,-1.579512531757306
58880.76152281485,3.94771633208802e-07,0.3601448160450278,1.3283297718281576e-06,-1.4526572567607725
58881.763526734685,4.761433782613614e-07,1.2518923423400476,2.0501716722890953e-06,1.3136968561501619
58882.7655314006,7.986734672256864e-07,2.2274210850909553,8.443098511340403e-07,0.27653867396896237
58883.76753532043,3.829402140634278e-07,1.2738278658410407,9.182349833684177e-07,-0.9857740372492425
58884.76953924027,6.100514884813305e-07,1.0348429461500837,1.2559703616823281e-06,-0.791688069337649
58885.7715431601,5.43774544820618e-07,1.711439098593326,7.454536552639512e-07,1.3804834401595205
58886.77354707994,2.613886918311229e-07,-1.5944952791707256,1.0950329076274584e-06,-1.349873854218705
58887.77555099978,4.2630969992224135e-07,-0.4988711458039142,1.7631738809463594e-06,2.741373934218188
58888.777554919616,1.2271238913549806e-07,-0.04864990639913132,1.131677632914059e-06,0.2939741988708906
58889.77955883945,5.729286916263426e-07,1.145798675271633,1.272860576341736e-06,0.050658098899230244
58890.781562759286,8.057036793024537e-07,-1.6515077542021839,2.279451684366787e-06,1.4407033192952823
58891.78356742519,3.0668558595011874e-07,-1.009983755884193,8.88350276193809e-07,1.2744988243117705
58892.785571345026,9.709764350995595e-07,-1.0753683651111727,6.43417944728406e-07,0.49628850050435197
58893.78757526487,8.732554182877015e-07,-0.26251644432935245,1.8135205884763328e-06,-0.8949357939824693
58894.789579184704,4.124840734238247e-07,1.4664735667046054,1.1090895418287107e-06,0.3710555486796325
58895.79158310454,5.038988627209373e-07,-0.2476111105848418,1.1646917738489612e-06,-1.399968296500114
58896.793587024375,3.6739227270409857e-07,-0.20308673128988156,6.784663852669049e-07,0.7253229121439362
58897.79559094421,2.0522430858708835e-07,0.296592249689221,8.630028940134671e-07,-1.7141787927957544
58898.79759486405,7.236065509534216e-07,1.2170431634659713,7.555810380196399e-07,-0.41413087788392045
58899.79959952996,5.020090159417111e-07,-0.6826352219402985,1.4406593882417952e-06,-0.1663535663571257
58900.80160344979,4.175201269964215e-07,-1.310282134401223,6.821215306002797e-07,-2.0743520393191366
58901.80360736963,3.313355128868975e-07,-0.664634608207357,7.946852251910912e-07,0.5879486932856351
58902.80561128946,9.054879721305992e-07,0.03231218084556588,8.086706873533888e-07,1.4641440590300938
58903.807615209305,3.751241161201642e-07,-0.33638192562207386,6.759755441591901e-07,0.6959103230898265
58904.80961912914,3.5332412789905044e-07,-0.33849933933465903,5.716320042995189e-07,-2.0557685303132445
58905.811623048976,5.994753464233716e-07,2.725848094055652,1.8050562360154024e-06,-0.04184300618629263
58906.81362696881,8.774150735683135e-07,-2.599975604633817,1.3853457250669508e-06,-1.6574025331265352
58907.815631634716,3.566680294668299e-07,0.5819794519505239,1.2510696562396756e-06,1.8026408468723658
58908.81763555456,2.742378959623884e-07,1.302235669003994,9.868971787051636e-07,0.9686234895452538
58909.81963947439,4.0020657339510743e-07,-0.9771927303302858,1.11273040397133e-06,0.14304542895788333
58910.82164339423,8.065424138238411e-07,-2.855096193613641,1.1037536041527357e-06,-2.45972013642426
58911.823647314064,7.877987205374964e-07,1.1629913764000797,8.778281205253034e-07,0.29929862527596635
58912.8256512339,6.061299292957862e-07,2.036348675388851,1.5266776383619705e-06,-1.774024382966882
58913.82765515374,4.810686081921102e-07,1.0839131038737453,1.1973532348046016e-06,-1.0182935847193875
58914.82965907358,8.467823203790402e-07,1.274051377123195,7.564229021510097e-07,-0.7204658751414811
58915.83166299341,3.718626287233221e-07,0.5350138686196311,1.460291876262546e-06,-1.1196476834029492
58916.83366765932,1.1188943969159674e-06,0.8691255190517072,1.3150485555114156e-06,-2.004252141305551
58917.83567157915,6.016926379364939e-07,-1.9249771104013083,8.269897360551664e-07,-0.25867053956760105
58918.837675498995,4.5374666718032726e-07,-0.1442088417939933,1.0993244993427994e-06,1.2390107565117747
58919.83967941883,7.554382415876382e-07,-1.160558617151685,1.137018584303051e-06,1.1773495745122708
58920.841683338665,8.203240319991569e-07,-1.6790476141357784,5.282372033029836e-07,-0.5305260028653804
58921.8436872585,9.740614488155405e-07,2.6349101602575633,1.7326555710691935e-06,-1.7142011002892648
58922.845691178336,3.4844525507942815e-07,0.662178551783121,1.8651423091888348e-06,-0.05859218576635077
58923.84769509817,2.594828442609525e-07,1.7707834967008502,1.346478624427009e-06,1.5655543098890663
58924.84969976408,5.781678557573653e-07,1.4434053195958834,5.594406022386118e-07,1.7443095551385324
58925.85170368392,3.9019532970435627e-07,-0.36904039172007785,4.933862152724257e-07,-0.21144402974968965
58926.853707603754,6.151016421410721e-07,2.326376712751497,1.33131565327616e-06,-0.23628109834597255
58927.85571152359,3.924534211867797e-07,-0.22262537978894512,2.097993154707292e-06,0.2661055346746935
58928.85771544343,1.0367984185482166e-06,0.5342421145636308,4.514065632725029e-07,0.21282892334852324
58929.85971936327,7.084177833417043e-07,-1.1894297572505135,1.7205796999029522e-06,2.423638962440849
58930.8617232831,6.618013827475545e-07,0.5531478191481645,9.894845833059628e-07,-1.7203925259311947
58931.86372720294,9.564728850598012e-07,-1.936693627665102,9.345973306478246e-07,-0.5886102151374236
58932.86573112277,3.7055664914616234e-07,-1.268309408504904,1.508136692783123e-06,2.4455022749126183
58933.86773578868,7.93533237501811e-07,-1.1860246542190978,1.4162713200192529e-06,-1.0612040857059724
58934.86973970852,1.5802499164192823e-06,-2.0456550952881596,1.8481279386990589e-06,1.899198184402419
58935.871743628355,5.393488709818937e-07,0.5322814550869317,1.998908576829524e-06,1.853100129268524
58936.87374754819,6.853042687020974e-07,-1.3320309834906858,1.2612511109961408e-06,1.7561718956003147
58937.875751468026,6.213120746761758e-07,-1.2407318379552603,1.6058086043515198e-06,-0.3675814424927301
58938.87775538786,5.799028889498006e-07,1.7572730592059271,7.547750249553196e-07,-1.7391893901513669
58939.8797593077,4.653213192252711e-07,-2.242579560449236,1.8351594777933818e-06,2.1664970828433328
58940.88176322754,7.65780449285976e-07,1.9581511297055807,1.3262254036520754e-06,1.9970014621571985
58941.88376789344,5.544699110628306e-07,-1.4679748453893373,1.1046653980890054e-06,-0.5910836663559224
58942.88577181328,5.973161603930328e-07,-0.7658762829876664,2.2125389696428415e-06,-0.1635018652526918
58943.887775733114,2.5747251451680503e-07,-0.568696642234285,1.4014791005716005e-06,1.7424038435463893
58944.889779652956,4.7052318634355256e-07,1.2781734793536876,9.548959784596125e-07,1.4459340579864106
58945.89178357279,5.023090911800991e-07,0.9769992187848778,8.752646942582892e-07,-0.7478054363899781
58946.89378749263,9.364520623685157e-07,-1.1480572999259107,5.54314549953549e-07,0.04914057105406093
58947.89579141246,4.875930718890808e-07,2.688280341257053,1.3493976229852094e-06,1.54774623233784
58948.8977953323,2.898057466077678e-07,1.6195883333217949,5.929091452767104e-07,-1.9825920605374563
58949.89979925214,3.752286554057265e-07,0.8546331017518658,1.6582243485144436e-06,-0.5037263060571774
58950.901803918045,7.294695120946393e-07,-2.389656751124239,1.4657791180160577e-06,-2.24939158697081
58951.90380783788,6.753650688096149e-07,-1.784602298933197,8.067680856549918e-07,1.6884608245521175
58952.905811757715,6.469207624435679e-07,0.8607676630725666,2.337851578533987e-06,2.6477649065386233
58953.90781567755,4.838062361052942e-07,-1.5183599957099656,6.28537621541164e-07,0.06554862435733408
58954.90981959739,6.700115903053245e-07,1.4499384827113955,2.042569279222515e-06,-2.57668928308918
58955.91182351723,4.3987856065214973e-07,-1.1270821324000375,6.631249013113902e-07,0.28056189796754377
58956.91382743706,2.7538230532791157e-07,1.4112794018832244,3.1230595122871965e-07,-1.9897557002253448
58957.9158313569,8.110988860205691e-07,-0.48976993526604845,1.2943444024227937e-06,-1.6962242107401355
58958.9178360228,9.407039517445847e-07,1.5213075076505898,1.0452501412169269e-06,-1.488575654824102
58959.919839942646,6.28797853117712e-07,-1.1282733857559233,9.741552684870739e-07,-2.235468304181013
58960.92184386248,5.60432323114116e-07,2.1866689900610385,1.961237428000766e-06,-1.5651702883111396
58961.92384778232,1.3172324005543582e-06,2.932475442060613,6.54460267337585e-07,0.23465673030448636
58962.92585170215,7.833045113365646e-07,-1.9486633664717536,1.0320553374072908e-06,-0.6707241110611666
58963.92785562199,7.121474298120025e-07,-1.838659147659694,2.1327227268623833e-06,2.332044334848444
58964.92985954182,4.5877816626104745e-07,-0.5306940544961252,1.3188922725303584e-06,-1.4746223547317392
58965.931863461665,2.751696630803536e-07,0.4895882156583511,2.4032963333052813e-06,-1.8503979049733754
58966.9338673815,6.519592246379722e-07,0.17570678185764876,1.703725890842207e-06,-1.6871273443808366
58967.935872047405,4.747771308941567e-07,1.0612606669751177,7.977214829607167e-07,-0.3187001388124514
58968.93787596724,3.879065737041455e-07,1.7612275398946378,1.105976207975037e-06,-0.6895461159622007
58969.93987988708,9.431127283844666e-07,-1.9691139005547764,1.437364384979288e-06,1.60779310009197
58970.94188380692,5.377933037328482e-07,-0.5792742115738302,2.698762605025892e-07,1.0362238152502632
58971.94388772675,6.177625632776901e-07,0.25384095234518356,1.3504977926197305e-06,-2.3763812847786117
58972.94589164659,1.0516912980868431e-06,-1.1364756701084215,9.751529029119335e-07,1.2231410591787655
58973.94789556642,4.010177644688442e-07,-2.071988591683754,9.075895758910776e-07,-1.4290828844650683
58974.94989948626,1.091842667066062e-06,0.3291408028499426,1.5580490005087388e-06,-2.6623113405093695
58975.95190415217,1.0395320628194487e-06,-0.44200467840343366,3.466864327882969e-07,-1.0036218083110604
58976.953908072006,2.644562524837268e-07,-0.8420345475417182,1.2640418539197081e-06,-2.5474505683800825
58977.95591199184,7.187108609494212e-07,-2.018849380106629,7.823530774362173e-07,-2.206343287723821
58978.95791591168,6.136852000418434e-07,0.8457527388459949,5.246134145300825e-07,0.9799440282453985
58979.95991983151,7.18799973123618e-07,-1.1015006304938575,8.677866953751576e-07,-0.8364136887600375
58980.961923751354,3.5563734712949094e-07,-0.29572883495321745,1.1076290675949747e-06,2.584907950664578
58981.96392767119,7.058445425665364e-07,2.134637977123068,1.6838338747410494e-06,-2.839467846789339
58982.965931591025,5.89440205149309e-07,1.6308410880954318,1.11522852997658e-06,-0.8153777448308133
58983.96793551086,6.575314490154455e-07,0.424868732679084,7.674996681142045e-07,0.3985167170672855
58984.969940176765,5.180672194397257e-07,-1.9155333854758845,2.1779082457076068e-06,-2.484319872387354
58985.97194409661,3.2426640093713856e-07,-1.0303497250554488,1.4344650295515428e-06,-2.4511985826936176
58986.97394801644,6.678569574696901e-07,-1.3440305978120484,8.511047766617602e-07,-0.8962607829207215
58987.97595193628,8.16793290650147e-07,-0.1818018006224607,1.3108148316695685e-06,1.5561494458775407
58988.97795585611,8.485312881529952e-07,-2.096630516697758,1.828451679748325e-06,-1.2817804441047198
58989.97995977595,1.211363796121795e-06,-2.5768818851309865,1.0688251652427914e-06,-0.983546884720583
58990.98196369579,2.1622823406859516e-07,-0.9751975308773883,2.0240898433978403e-06,-2.644123812111365
58991.983967615626,5.056159370152091e-07,-1.98404080945268,2.1086247587347823e-06,-3.05170582714795
58992.98597228153,4.749048923444891e-07,-0.19990610903893208,1.0941350399401725e-06,-0.7833226782849292
58993.987976201366,5.104682485459056e-07,0.6538836270527985,1.5675621626876512e-06,1.3218716706612972
58994.9899801212,4.7672052170327566e-07,2.397102044116699,5.041708359616117e-07,-0.335808257520317
58995.991984041044,4.51528052376206e-07,-0.7854649864520308,8.287100100133259e-07,0.5804511898752236
58996.99398796088,4.896327184657881e-07,-0.6787729946141257,1.33541591759346e-06,0.2556002625370018
58997.995991880714,2.9534838066741803e-07,-2.0289008755644153,7.868997080989788e-07,0.835192694129672
58998.99799580055,1.9507758042917995e-07,-0.37688511335447783,1.4628496765513945e-06,-2.559285927273329
58999.999999720385,7.042244639365442e-07,-1.0084567266799684,1.0915602620359128e-06,1.738658150074909
