Frequency_Hz,Amplitude_d1,Phase_rad_d1,Amplitude_d2,Phase_rad_d2,Amplitude_d3,Phase_rad_d3
62300.00000012836,1.1022624636881922e-05,1.3541609405919384,1.105859436065003e-05,-1.270119737770062,4.928452997072754e-07,1.1914466531068466
62300.500834595594,2.771977437445102e-06,-1.2328954113516202,4.377803287599449e-06,0.9319704135546726,1.938991952046867e-06,-0.5731885620854819
62301.001669808895,3.685161041758706e-06,1.3931488369170213,5.109182049747899e-06,-1.6964718753621923,7.160671297008218e-07,2.2480022685518297
62301.502504276126,6.148311084166435e-06,-0.06888497156619804,6.97668064138258e-06,0.12416766569598756,2.591889897953669e-07,1.7757138742847407
62302.003338743365,6.089867579925566e-06,0.948535675770899,6.396949759067205e-06,-0.8299271566714008,8.225177925149067e-07,-1.6455572139625667
62302.504173956666,2.259897344177857e-06,0.9804802803954952,2.5576896475832863e-06,-0.2821780014404351,4.409735001981188e-07,-1.5004862991554517
62303.0050084239,3.4630039079125806e-06,0.2045424802683306,5.445245489424191e-06,-0.4329492050208283,1.3260289272742245e-06,1.2674821000385788
62303.50584289113,3.1014940519632666e-06,-1.0534192739624724,4.171144348650453e-06,-0.26436317681270843,3.779686416176776e-07,-1.8896532212682988
62304.00667810443,6.4896340831877946e-06,-1.7539870454315178,8.05898278949918e-06,1.843909690077917,2.423775674224539e-07,-1.6465298452591375
62304.50751257166,5.938943787354435e-06,0.6964962996244339,6.722882762931166e-06,-0.8127460853841755,7.791663564459975e-07,-0.8688436765714405
62305.00834703889,6.010819024882723e-06,2.7260302327914445,6.720893852074241e-06,-2.667945960169162,4.1090131849254185e-07,2.3536385796683654
62305.50918225219,9.425967513609165e-06,0.5627134430181202,1.1261228893591653e-05,-0.4129829444713449,3.787037503626909e-07,0.6119538314022875
62306.010016719425,8.035940003436038e-06,-2.623049840913941,8.768202216180852e-06,2.538938785652386,3.199454525320208e-07,1.26489520350596
62306.51085118666,4.58878677735929e-06,-1.164599277272391,4.995028214898228e-06,1.0394844944942907,8.112355083470204e-07,0.6564856561692882
62307.01168639996,2.552007017709877e-06,1.5546509287059245,1.4412760679069973e-06,-1.6197048256785698,6.575387599722501e-07,0.7468983900995764
62307.51252086719,4.626403166022177e-06,1.489159595261146,8.368500298447064e-06,-1.4456564919049983,6.783359997468946e-07,1.8782496088216654
62308.01335533442,5.143945555689827e-06,1.3634060316661183,5.894894281079782e-06,-1.4756225811314025,1.060837326307291e-06,-2.208347467617361
62308.51419054773,5.390245182767371e-06,-1.1263588541343736,7.713161447729792e-06,1.1129954623699987,8.208069389368263e-07,0.7516939948528538
62309.01502501496,5.249984454533235e-06,-1.9366580571899341,6.2041815651222715e-06,2.0041254921197234,7.670406589096959e-07,2.2911448441200704
62309.51585948219,6.041498315105655e-06,2.5794083644522785,5.614735372883872e-06,-2.729698088834745,2.8776222035789544e-07,0.6881169483438165
62310.01669469549,8.265536586713464e-06,1.1262796948141671,8.013826588413501e-06,-0.9250429714031385,3.5309633019596354e-07,2.0635925882607884
62310.517529162724,5.419067741190866e-06,0.9005254502365566,6.4653527594903e-06,-0.8869385432596429,2.547651582601718e-07,0.2749706638155447
62311.018363629955,1.1087525406049707e-05,1.5407020218550516,1.3282440787811705e-05,-1.6041150140559959,5.208777652362889e-07,-0.2472351925414274
62311.519198843256,1.6465508250304005e-05,-1.4851083152238604,1.975142858013473e-05,1.3720569850305457,7.293259133237237e-07,-1.1742153902947312
62312.02003331049,9.160224892744115e-06,-1.0720351064467304,9.909001058128948e-06,1.0480742076746592,4.6506464148684946e-07,-0.8618233151011729
62312.52086777772,5.303325762985532e-06,-0.8541964885903538,5.004793867167408e-06,1.0131702536246168,6.345240684884643e-07,-1.2761462088153674
62313.02170299102,6.496324463495963e-06,-0.8955111382790514,5.589338218339734e-06,0.9289769072899827,6.916959046154599e-07,-2.262187707645215
62313.52253745825,7.001643429172822e-06,1.5912499439160297,6.381236987951053e-06,-1.2280308066649719,1.426262602559925e-06,2.9948413798250044
62314.02337192549,9.090136299272017e-06,-1.9973149249548496,9.062746101242583e-06,1.8886252414127342,6.089028576631392e-07,-2.1167507584534433
62314.52420713879,3.0598515608168427e-06,0.22005179968962824,5.503569090082097e-06,1.3917587987214646,3.35522037198272e-07,0.9379055384449388
62315.02504160602,5.791149315667118e-06,-0.4989513240751971,5.683935381664699e-06,0.29681371400670814,1.0348451137188153e-06,2.0628370885211735
62315.52587681932,5.191007291294723e-06,-1.022732749920249,8.253167938504724e-06,0.7066022825600432,5.907620236861812e-07,1.366768543662289
62316.026711286555,9.63226827806925e-06,2.252903512070363,1.2232663763654737e-05,-2.226301596693303,1.330201143076238e-06,-3.077973148716724
62316.52754575379,6.214450938731694e-06,1.862310336432735,5.925777246509195e-06,-1.9385342742096534,5.990512266349527e-07,-1.3900782574284714
62317.02838096709,1.2129629749965507e-05,1.8262179335995996,1.542858674236121e-05,-1.7574535114028553,7.319882027873077e-07,1.7724892962212428
62317.52921543432,1.5558095432928693e-05,2.20184475714792,1.9094925691023855e-05,-2.1783339335785064,7.930415456319134e-07,-2.1707584946968286
62318.03004990155,4.309048658329357e-06,-0.4537740746318961,4.498894068641052e-06,-0.6795079844095357,6.554695622123928e-07,-2.4510968076875144
62318.53088511485,6.07762519665536e-06,0.973442588682445,7.843725994441394e-06,-1.1677452560371997,1.0423975195623991e-06,2.639968928825938
62319.03171958208,8.661165730114801e-06,1.4305553619425597,1.139543359101772e-05,-1.447379288288173,2.926670110908785e-07,-2.716898758087969
62319.532554049314,1.1629259815888478e-05,1.7281993454527025,1.3682069763189209e-05,-1.5931611333697475,1.0156307194465547e-06,2.861668835305541
62320.03338926262,3.1749050761160436e-06,-2.1057164990611192,3.275308366170484e-06,1.9193904317088906,1.0395717433926708e-06,-0.7426692795580541
62320.534223729854,5.410875033494583e-06,1.7661351083376446,7.531730662315756e-06,-1.4611945736055743,4.87528282813703e-07,2.2346189540754127
62321.035058197085,2.7113975822458686e-06,1.3888841515918187,4.007208607925459e-06,-2.1290279375421193,8.025302229945467e-07,-2.0852668140439894
62321.535893410386,2.934464886025704e-06,0.40194767918324753,3.7619790160019954e-06,-0.8999787242800009,3.7487440045829257e-07,-0.0684614997255384
62322.03672787762,7.072154605963342e-06,-0.6516827606199036,7.918903289170903e-06,0.670029141341431,3.60428365365615e-07,1.9369910011105995
62322.53756234485,1.5551823285482536e-05,-0.8162689870802419,1.7177530458652632e-05,0.8739883053541125,6.702373455950732e-07,-0.36104270815562983
62323.03839755815,4.097159477317743e-06,-1.1396629662668158,4.690734920060736e-06,1.1169741221459804,4.470373895722626e-07,-1.66621002227277
62323.53923202538,6.509186848598107e-06,0.08328057557644664,5.890644740308142e-06,-0.09967407469936475,6.221059031529474e-07,1.9983250874606573
62324.04006649261,7.654475115400468e-06,-0.31935160463292955,1.0067110364172101e-05,0.371302630126553,3.8036550171499454e-07,-1.2476300042164212
62324.540901705914,6.152572654747302e-06,-3.00651793720392,7.054063647540416e-06,2.9143557585838242,3.165523373400633e-07,-0.29411561512727197
62325.041736173145,4.075444679277549e-06,0.4931661353506529,5.273037663608036e-06,-0.5077962149497234,8.117822482039649e-07,-0.3015746187602076
62325.54257064038,3.909864841718775e-06,0.3406159972574096,5.0413230744844994e-06,-0.1887016156349123,8.42930312124959e-07,0.20571687997835097
62326.043405853685,1.1196962585258476e-05,1.5192885253652602,1.2050134981027874e-05,-1.515156561827671,7.176224778271701e-07,2.3533830890075955
62326.544240320916,5.0727671014707664e-06,1.348035069044863,4.928464397679016e-06,-1.038562076699304,6.839582787142207e-07,0.2895210951623953
62327.04507478815,2.6213319660744537e-06,0.7230093152981439,4.49013914906834e-06,-0.9040354238062656,5.958141213691641e-07,0.9108587666443235
62327.54591000145,9.153303000728901e-06,-1.4990041297242265,1.0061470180203805e-05,1.8023583853377523,2.477378752440914e-07,0.5527441504671354
62328.04674446868,2.650660396443245e-06,2.9378316291222726,1.958249839747108e-06,-0.010209268413326405,1.052279034650794e-06,-2.0633902551786494
62328.54757893591,8.980969204801097e-06,2.4323262723059145,9.922534638828173e-06,-2.627005196990727,5.149801197130388e-07,-0.8731892869140074
62329.04841414921,3.698184125492232e-06,1.0795607730124905,6.5659372414140915e-06,-1.2542838673648673,1.5027531017279622e-06,-0.09992636733071647
62329.549248616444,9.415309443224793e-06,0.9147362045412759,1.0438761118301533e-05,-1.0765033374114086,4.632841935066353e-07,0.04750570584684863
62330.050083829745,4.047159180799916e-06,-0.7144713059907272,4.863738453117551e-06,1.1151494712540329,4.949685282795898e-07,-0.775220959230357
62330.550918296976,4.825759511183424e-06,-1.5938396610890688,5.2792676787174186e-06,1.914078035693947,1.1293498643224116e-06,2.6761949014022854
62331.05175276421,3.6443635790791344e-06,1.5236524680217556,3.157309633850061e-06,-0.8206665074983635,6.671651679503095e-07,1.9308038574212427
62331.55258797751,1.1168820451828426e-05,-1.148158010881269,1.4730774842736171e-05,1.1800857848881097,4.657843346555884e-07,-2.608239381104975
62332.05342244475,1.0070370538320716e-05,1.412344444187199,1.0053803132834717e-05,-1.497037850851694,5.91144891950738e-07,0.7484610729693317
62332.55425691198,9.069952135643304e-06,0.2793089056793126,1.0169041605910283e-05,-0.08805604510829247,4.342315822679384e-07,-0.6034410606998575
62333.05509212528,4.664172630818487e-06,1.7874331184627328,6.733281558811502e-06,-1.717547512533906,9.432774956910349e-07,-0.08983580948640399
62333.55592659251,3.4339422564458094e-06,-0.5147088784677473,3.6793118726946894e-06,0.72473748608033,4.922358888777924e-07,-0.7584238760769278
62334.05676105974,3.85357645478782e-06,-0.5895065330831118,4.298713060958209e-06,0.5406733468642284,7.186326752626482e-07,-1.1264805654436187
62334.55759627304,8.30908478108259e-06,-0.7056419746006664,9.248569177837845e-06,0.9530712802149336,7.672498717447682e-07,-0.31006690375714585
62335.058430740275,6.5317442138603736e-06,0.5914416021274816,7.244157752465691e-06,-0.6397575248409653,8.685511125119195e-07,-2.5798437002367005
62335.55926520751,4.64305842592437e-06,-0.12257869305133196,6.098040092521575e-06,-0.11979224370510101,6.935372106218405e-07,-0.5330694634623628
62336.06010042081,3.989487574343874e-06,-0.21405896077197525,6.68669937138696e-06,0.2649532964505672,4.5527482456208175e-07,-1.9069072193052325
62336.56093488804,2.571691793393432e-06,-0.3484223615424616,2.491461145667352e-06,0.6096528641888634,2.695078763639084e-07,1.6775537161335183
62337.06176935527,8.608213529624903e-06,0.6691311199896967,9.977774595302724e-06,-0.7552054880348168,7.28966085058452e-07,-0.9050540239077476
62337.56260456858,7.810790533719439e-06,2.304764334407192,1.0119199041339177e-05,-2.207203107584203,1.3780048071521988e-06,-1.9185525296531962
62338.06343903581,8.988399277758952e-06,2.5818841956191667,1.0954633645793217e-05,-2.3487142786418613,1.1594076569709288e-06,-1.0668969566786226
62338.56427350304,4.162023255845128e-06,1.2029111070647358,4.468609558765931e-06,-1.5082646631853651,6.049156298933116e-07,-2.146553754765723
62339.06510871634,9.17516447568198e-06,1.4894788499215845,9.764685625698146e-06,-1.7494950566698697,7.705541170659967e-07,1.7969097382824097
62339.565943183574,1.1807919100844271e-05,2.5917123550020125,1.225957421539028e-05,-2.584942146656787,6.672772037208196e-07,2.599328557138439
62340.066777650805,1.0814645098075463e-05,0.7935809591926954,1.1236513420990791e-05,-0.7458509486136564,6.446481063932429e-07,1.1799676881530203
62340.567612864106,9.335105946073745e-06,2.8364218256573674,9.586861711762297e-06,-2.7239401474665774,8.363784573007256e-07,1.0145383135515962
62341.06844733134,7.410171367960243e-06,-1.8072438110990408,1.1103538522143864e-05,1.6591841005359256,3.9624198817226513e-07,-0.10266307371801754
62341.56928179857,1.2073122201341034e-05,-0.7569833546932117,1.4820972596955198e-05,0.846740093068876,5.494147941557857e-07,0.6263857893001568
62342.07011701187,8.875443520633525e-06,-0.8247844584103832,9.134881097388546e-06,0.8597372353560393,6.609496023179838e-07,-0.7315404089017181
62342.5709514791,8.884307245824631e-06,2.5804203279436675,8.677912714756228e-06,-2.657092363878066,7.201653214146362e-07,-1.0851132917086346
62343.07178594633,7.550970140548443e-06,0.14768028346427411,9.023875044790792e-06,-0.162706508980059,5.736788992526455e-07,-1.0997039422281958
62343.572621159634,7.167519239236468e-06,1.484171816464839,8.203963265286355e-06,-1.5169259232497316,5.145536688458208e-07,0.8969176795161589
62344.07345562687,6.067482199300111e-06,0.4893928630289826,7.633108742008175e-06,-0.5064306018995904,3.4083456785126897e-07,1.0451001948815766
62344.57429084017,7.09550736967932e-06,-2.8322404264521044,8.825732152357475e-06,2.656850079295301,3.338780307685082e-07,-2.1147785471129956
62345.075125307405,6.333008016066407e-06,0.21167264765820615,8.228215291581283e-06,-0.36335227504889617,7.467232877730605e-07,1.0232852875595733
62345.57595977464,2.6888332766966477e-06,-0.9479376842639075,3.159502335685263e-06,2.0329353888425143,1.1404809496292171e-06,-0.6174997942171762
62346.07679498794,9.509888219331329e-06,1.6309380041642727,1.0940821245782582e-05,-1.700893184891852,4.5161125466312505e-07,0.9258551008252409
62346.57762945517,6.271201407181826e-06,0.8832324033636977,6.58297890747281e-06,-0.9610869227009569,1.1889942094631566e-06,-2.713076182242292
62347.0784639224,3.986732075255046e-06,-0.6584114781811469,4.671193019765793e-06,0.6551137603789412,7.395020417643701e-07,1.3138986931230914
62347.5792991357,1.2120329976141916e-05,1.63196770276814,1.3028002288995028e-05,-1.5377587296009914,6.597783775644679e-07,1.8221867612616949
62348.08013360293,7.065501564393646e-06,0.9614612512470686,7.44634370294898e-06,-0.7703133336299767,6.061269031021804e-07,-0.42139711531349444
62348.580968070164,3.708777145369525e-06,0.5755620176861348,4.747377689123472e-06,-0.6666393852171968,3.7842993965173735e-07,0.8868574953142363
62349.081803283465,3.6702183312981583e-06,1.5458674929725782,4.509044237625296e-06,-1.2263518611786224,8.728563248603452e-07,-2.847809499698415
62349.582637750704,6.962927568406251e-06,2.139189624639854,6.445317578523187e-06,-2.1920361612143218,3.0264167719728685e-07,-0.8085305881770041
62350.083472217935,2.750674418407252e-06,0.8147765389572467,3.938741278007646e-06,-1.351274125328452,1.0529630688714847e-06,-2.347577408725106
62350.584307431236,4.195139650921826e-06,0.7848221396324683,4.643267025336849e-06,-0.7827879447399627,7.238860986464166e-07,2.0277824930851365
62351.08514189847,7.149112076594395e-06,0.6509073099326446,9.733221041065229e-06,-0.6617820757406989,1.0259158049614283e-06,0.8993391546279483
62351.5859763657,5.972951354134201e-06,1.293626298098778,7.045374895243803e-06,-1.1753672974842129,4.149907427690311e-07,0.19940390336594094
62352.086811579,3.718822908211587e-06,0.14199344779041229,3.867614327613435e-06,-0.4695176220309018,6.129875781302198e-07,-0.5935835370564464
62352.58764604623,1.2450705940059946e-05,-1.9147466754671416,1.3919599611768572e-05,1.8142163703282825,1.1922362087941222e-06,1.4971607153600657
62353.08848051346,8.279570025711776e-06,1.982870704293238,9.292195898663643e-06,-2.288722203993107,7.1055124299815e-07,2.848249481706445
62353.589315726764,2.4815000325779805e-06,1.2779691735723593,2.7702130681177136e-06,-0.6927181665723876,5.76546908235332e-07,0.3319786816526644
62354.090150193995,9.378731500560843e-06,-1.7047192583204505,1.3398856218910974e-05,1.7172857494608662,1.2247495171833624e-06,0.9590476530475233
62354.59098466123,4.439021276386745e-06,-1.1016209595307227,6.377899623472382e-06,1.3303010743668884,3.585323794746462e-07,-0.22850677542830172
62355.09181987453,9.505432538945493e-06,0.8432277160033536,1.201974574660168e-05,-0.9145970381595764,4.4383976741575647e-07,-1.0457697800234131
62355.59265434176,7.843963430252153e-06,0.2627663582650877,7.680508689885236e-06,-0.5272404399868894,6.380175852405858e-07,-1.4527455576471777
62356.093488809,6.7902233221876715e-06,-1.0742091176451474,7.722371094255593e-06,1.102934585076175,1.0648286749183343e-06,3.0028647625610736
62356.5943240223,3.8766234549255555e-06,-0.12697246426447106,3.6896748532571572e-06,0.1519054392364714,6.499745816054942e-07,1.161286446251497
62357.09515848953,2.6833001083572855e-06,-0.047477461891358166,3.1222225220270103e-06,-0.19656969281563874,7.144760932868686e-07,2.5929702122395177
62357.59599295676,6.054357402431368e-06,1.2718123234165004,6.275104434415054e-06,-1.1980641093864224,4.0692817724700996e-07,1.48011157331155
62358.09682817006,4.73917768871225e-06,0.8736769204860647,4.851741428455783e-06,-0.9028277871727799,8.845133266564246e-07,-0.8015401056845224
62358.597662637294,6.436130144366396e-06,1.7434079859525207,7.444804592918326e-06,-1.6464684513810608,4.19050867324938e-07,-0.021932456665303274
62359.098497850595,8.038976826106476e-06,-0.990048963069403,9.274773422033735e-06,1.0154422455911594,8.535239866870079e-07,0.7028890597394605
62359.599332317826,7.211599610368273e-06,-0.35371873811654037,8.682914100428078e-06,0.44396189402138986,1.0976287650367902e-06,2.035339214071155
62360.10016678506,3.364605364263253e-06,-0.8979535380925945,3.5038808909326463e-06,0.7779062527806306,2.0030108392829017e-07,-1.0861748589351097
62360.60100199836,6.463756501650462e-06,0.6059020813364959,7.064443760227649e-06,-0.20606588675462217,3.8130356052902645e-07,1.3211295824189675
62361.10183646559,5.833542889716302e-06,0.5567180957747675,7.87169822124002e-06,-0.6362079330256906,3.2108935398177424e-07,-0.8505837678725049
62361.60267093283,5.705449370020339e-06,-1.3764132447082686,6.855218117421603e-06,1.4643923047468725,8.014976653746562e-07,1.1048492516776875
62362.10350614613,6.69919685627036e-06,-0.4848873260832722,6.566176206035311e-06,0.6231853735478727,2.9928131032888426e-07,-1.454925048689143
62362.60434061336,1.1743295307713778e-05,2.139565166992692,1.136322885618047e-05,-1.9598439278270852,1.5830009194794196e-07,-0.9761277275355517
62363.10517508059,4.097347390016452e-06,2.164533666715238,3.2425366333819383e-06,-2.001883539042568,9.338444608956162e-07,2.6525014256369817
62363.60601029389,1.981922272104663e-06,1.9007391751075806,2.155587511584573e-06,-2.111669389072525,4.790838120305707e-07,0.6656225505204164
62364.106844761125,5.950251249070217e-06,-0.029507248143518232,6.393729870783084e-06,-0.596141353790952,4.553953237854493e-07,-0.2666414556364495
62364.60767922836,7.0487887536476375e-06,2.205579283355324,7.677453712711762e-06,-1.567506006784548,3.7122279385115724e-07,0.40279205624911757
62365.10851444166,4.067234464447566e-06,0.018016575611308996,4.565176855781218e-06,-0.12922210351715405,1.3407537200235695e-06,1.4372762030019595
62365.60934890889,1.5764802805249238e-06,1.303122498950639,3.3976724250729773e-06,1.393375758808111,5.055889043475919e-07,-0.2642018678916047
62366.11018337612,3.444389970346717e-06,2.1845271495083436,3.4487645830775652e-06,1.0591259067228902,7.602043286962973e-07,-1.3564674570002926
62366.61101858942,1.1580106417962903e-05,1.606699278150098,1.2578543265753485e-05,-1.3964553417480199,6.187352704907833e-07,-2.232980558746906
62367.11185305665,3.1640057525081827e-06,-1.7029722589432987,4.463587880946232e-06,1.1313771996514137,4.210637385000796e-07,0.27458361603974074
62367.612687523884,6.574101969123154e-06,2.001642676624587,9.018549915859168e-06,-1.9185533647745718,3.64843127715096e-07,2.616997834985912
62368.11352273719,1.2232904001868267e-05,0.2387665543880432,1.4107053537705425e-05,-0.1936867077402493,4.883322402491319e-07,0.8119201109789063
62368.614357204424,5.639980549846204e-06,0.5660702129724855,6.991217615918836e-06,-0.5359876334459709,7.51416389259721e-07,1.4761466367635732
62369.115191671655,3.4531100418436236e-06,-1.5559774636469283,3.3030980929547277e-06,1.185462814564894,3.1136195269969966e-07,-0.924627129511246
62369.616026884956,4.657874272418504e-06,2.2106994253504615,6.283067872023093e-06,-2.080109497158876,3.9109488944085766e-07,-1.4422419439327594
62370.11686135219,4.961205159162566e-06,2.1264180969209003,6.002093466052599e-06,-1.8514835226969537,3.102247685329062e-07,0.7538402261271117
62370.61769581942,5.93042075194368e-06,-1.0231774673654568,6.197599610950611e-06,1.331206425554357,8.200657846335118e-07,2.601714845788211
62371.11853103272,1.0510641494387723e-05,-0.2016746242526854,1.3095362134189693e-05,0.4621280464232368,1.0193147055646699e-06,-1.7944653292480104
62371.61936549995,6.070621011711518e-06,2.033637427853422,7.911767703096912e-06,-2.110334338454234,5.377063530082985e-07,-1.5114482979426558
62372.12019996718,2.725765724333598e-06,1.7669781617823437,2.6644958062712368e-06,-1.5427457499437363,5.849677353564541e-07,-1.3436513540820145
62372.621035180484,5.850644574294482e-06,-0.7345777164230677,3.7974521306914646e-06,0.9388328836010655,3.9298313711441346e-07,-2.2115532145710928
62373.121869647715,2.4957594534973588e-06,-0.3487154717469458,2.902661152233921e-06,-0.03920288682137762,5.350653613032567e-07,1.726367364055359
62373.62270486102,1.9714322990333204e-06,2.1731570287762865,2.6916130507613703e-06,-1.4619178179517978,1.230620885993527e-06,-2.7027037585452014
62374.123539328255,2.6376993762139406e-06,0.6537000397414553,2.7303318345495173e-06,0.5645434539231313,7.53280661929249e-07,-1.4464371345370157
62374.62437379549,4.408453622702213e-06,1.6458339209476849,4.807656255316276e-06,-1.8050341190095278,1.8690042209095737e-07,1.1503257984866069
62375.12520900879,1.5645356929296952e-06,1.730275928743115,1.987578807218967e-06,-1.2387755724699863,6.988378508038068e-07,1.141732076614246
62375.62604347602,8.580791328509192e-06,2.3418307543458567,9.134857162870784e-06,-2.322343131761262,2.559345743368157e-07,-0.918835761799481
62376.12687794325,9.422532955112575e-06,0.7323204139887078,1.102748922516282e-05,-0.6683314634263259,5.264775490196149e-07,-0.7015194829602186
62376.62771315655,3.1720376429638166e-06,1.3632011386280722,3.577640283204452e-06,-1.5799735639277517,2.505836110287868e-07,-0.39258957303575104
62377.12854762378,4.588961220497923e-06,1.5623643575012551,7.41354603365879e-06,-1.3089318966905275,1.186455265155201e-06,-2.332832841151715
62377.629382091014,1.4525864532604182e-05,1.2757261224458287,1.7741299063654614e-05,-1.3922799087788782,3.725385270243645e-07,0.49430724908530393
62378.130217304315,4.954135113343261e-06,-0.7355504161378918,5.438117096345694e-06,1.095022821842833,1.2065008222341085e-06,0.35081049714474294
62378.63105177155,4.98867723340455e-06,-1.4871792285843672,4.227536651567384e-06,1.4187106256276418,4.383568225752496e-07,-0.6011135780660538
62379.13188623878,3.764577695973601e-06,1.6302690787119074,3.714140522168509e-06,-1.2669092509678281,7.474196326053986e-07,1.6714560767884834
62379.632721452086,5.311000949688329e-06,-1.7694945758226404,5.7976955312798686e-06,1.6837703385679488,7.908883717388975e-07,0.48714548005610586
62380.13355591932,4.10622106538349e-06,-2.716359743396161,4.736506279301215e-06,-0.7344699082771395,5.8906568113153e-07,-1.9366037779269891
62380.63439038655,1.0313271313520218e-05,0.38494577482228265,1.139474200611308e-05,-0.4334298252825961,9.275087316484466e-07,0.7913704001064679
62381.13522559985,7.162710367072938e-06,-1.655591535552047,9.400784986492227e-06,1.6634714215107802,4.576989815691301e-07,-0.22167952094718255
62381.63606006708,1.7844358934264604e-06,-1.1899409954711626,2.9141741639921517e-06,1.5660033309258896,1.2189488477483478e-06,-0.41204999147622623
62382.13689453431,5.412033716356634e-06,0.6887951005170939,5.068706882349806e-06,-1.0303519651616946,2.3902721879048197e-07,-1.382761913867978
62382.637729747614,7.069645519876477e-06,-0.39472385674192584,6.297442430950065e-06,0.4957470036863692,1.4236686601598536e-06,-1.5805825001188243
62383.138564214845,2.865749003690646e-06,0.2842320956409619,3.490540019710578e-06,0.16261047174942128,9.709033293369175e-07,1.8981211630033927
62383.63939868208,5.218012555899992e-06,-1.5851698041175493,7.060603963549708e-06,-0.12104501322999525,7.010759094095582e-07,-2.2309520547558144
62384.14023389538,3.0800535645727684e-06,-2.2520001522835633,3.278416730184278e-06,2.147683285096476,7.819903635511966e-07,1.846423640015806
62384.64106836261,6.275025174493482e-06,2.0964911492592253,8.64941759377556e-06,-2.3142267997093713,4.87442343467226e-07,-1.0430400839431284
62385.14190282984,9.402667063351685e-06,-1.8861245076613633,8.98598256797044e-06,1.8774084880236601,8.512826943615263e-07,-1.9783523392297755
62385.64273804315,3.330520764659903e-06,-0.46638138098369136,4.652998557498866e-06,0.9308297277923486,6.747895214725615e-07,2.400313718065826
62386.14357251038,9.462071481268247e-06,2.7463643896774386,1.083032527277113e-05,-2.5801813251994807,1.034835363466727e-06,0.6526079610615899
62386.64440697761,3.999718900297105e-06,1.7853819414097432,4.282781565778326e-06,-1.601990499545433,4.838271710614076e-07,-0.7960200663985849
62387.14524219091,8.287414859248377e-06,-1.567485171590347,8.94764287301818e-06,1.4837693258359905,6.518932378365904e-07,1.931272688673091
62387.646076658144,4.313685316226659e-06,1.3588865181682377,4.665405211458289e-06,-0.3811839724762078,1.154401399871802e-06,-0.30006451225103514
62388.146911871445,9.311656029949215e-06,1.7896959841574105,1.1691765491086843e-05,-1.8497145356773448,5.429099408270855e-07,1.7409515992669005
62388.64774633868,8.825721718091532e-06,-0.44659307937891884,1.0460510059816333e-05,0.4991438771209191,5.95165601904818e-07,1.393671408907146
62389.14858080591,8.950185767693961e-06,2.5739673294881076,8.279470659701962e-06,-2.4545429132074963,4.987911758219218e-07,-0.8668104847177907
62389.64941601921,2.8457969861001517e-06,0.5272539768742747,3.20563346810054e-06,-0.5230658151305887,4.6580225951114456e-07,-0.24629505291942042
62390.15025048644,1.650678980245004e-05,0.48709831977446005,1.8364210922471484e-05,-0.43050807772948757,1.0334391621616735e-06,1.76928250463302
62390.65108495367,3.308648991883917e-06,0.8629556081199957,3.8654110829603715e-06,-1.0275111026869566,7.750156766787489e-07,0.5798790475400672
62391.15192016697,6.346220613289712e-06,-1.0984085106220178,6.923271390550731e-06,-0.5134263710010006,6.633629392013061e-07,2.2861837710609603
62391.65275463421,7.730489703658179e-06,1.7423176086601195,9.06832624823884e-06,-1.8645529908034886,5.829355497230872e-07,0.4550438428916339
62392.15358910144,4.548261950361009e-06,-0.2773589043406698,4.711031185105479e-06,0.4741585804326096,3.438605443676813e-07,-2.278070201057106
62392.654424314744,3.2903501589507984e-06,1.0185362617011922,4.137937572898744e-06,-1.192315083540658,7.568058848682538e-07,1.3868111584472778
62393.155258781975,2.0234412302115793e-06,-0.15044567427920427,3.5300212724852374e-06,0.2807603050525348,5.659477641439666e-07,-0.08053698654292421
62393.65609324921,9.644503592406827e-06,1.8575846236752467,1.1364827531990119e-05,-1.8652781588995444,8.064481294649879e-07,2.263277905633962
62394.15692846251,4.9091159457779336e-06,1.1156504150838296,4.979922040740094e-06,-1.361472936339727,7.54080302568688e-07,2.7631846701217118
62394.65776292974,6.4105482854961525e-06,1.6068239479956026,7.3553924852018205e-06,-1.3300752978186712,8.951297297850345e-07,1.3971416064938227
62395.15859739697,4.872252783950572e-06,1.5023531579434348,6.74275332021675e-06,-1.3892535827381154,1.5877740727184148e-06,-0.26571856949038664
62395.65943261027,1.8764220182409309e-06,-0.39083982065799894,3.4092631577814592e-06,1.7247543874176843,4.4807670890142506e-07,1.2303029362795777
62396.1602670775,6.780674780102183e-06,0.13663683960544704,6.7798256861820054e-06,-0.12369556280218909,9.07488818579129e-07,0.01187480917193838
62396.661101544734,3.3102629567971145e-06,0.8428364445094568,3.997318066881203e-06,-0.6419306080929388,8.659809451649768e-07,-2.6204971509149306
62397.16193675804,1.06303967988921e-05,0.5348983255076357,1.1790416366507404e-05,-0.39996082795314636,4.4303930290868285e-07,1.7258054049665161
62397.662771225274,7.446711756404112e-06,0.8797302194272609,9.354540183544146e-06,-1.0233505688413316,9.918273731030505e-07,0.49373770912684173
62398.163605692505,4.474180956608468e-06,-2.1608240580036466,4.1440674934617215e-06,2.4151187135589294,1.2782992242634827e-07,-0.16910360527606988
62398.664440905806,2.972897821430869e-06,0.8274558811657431,3.1707752886124416e-06,-0.7702773036418474,4.332452519540881e-07,-0.02740084693799676
62399.16527537304,4.99993681081477e-06,-0.08433940046997992,3.321298288583962e-06,-0.23973823233352057,7.099922731397416e-07,-2.131612078209141
62399.66610984027,5.01993423686541e-06,2.0155244317392387,4.56766023213032e-06,-2.151372495137561,1.1866526217943913e-06,1.3202114423490132
62400.16694505357,3.7189803576805305e-06,-1.8872447462065414,5.028827000626691e-06,1.6653783661145105,6.910108224195472e-07,-0.8373786946664799
62400.6677795208,1.0459811602313725e-05,0.6152148857930568,1.2445608357398215e-05,-0.5874282578116022,5.535188304039518e-07,0.8763487369422612
62401.16861398803,7.736893358670497e-06,-2.0268418226510043,9.011776770084903e-06,1.762828645405014,1.0850640249222183e-06,-2.111433160482098
62401.669449201334,9.269823736947594e-06,1.4612826031049924,1.0492685948528036e-05,-1.4273768943664182,3.128899688386812e-07,-0.9401971213494753
62402.170283668565,4.877914098861811e-06,0.33845545794281906,5.591976758101493e-06,-0.39865324643326816,9.812626925290752e-07,-1.679598599985984
62402.671118881866,5.392922178725387e-06,1.4958409766625285,8.283494500270964e-06,-1.1189372715192478,8.360172480496585e-07,2.9605670133260484
62403.1719533491,4.5519331670859486e-06,-0.11805947613621898,6.19827701180954e-06,0.33667177492702166,7.929905696599002e-07,0.799648966038181
62403.67278781634,9.977193324914164e-06,0.10716573497987979,1.1688374907144374e-05,-0.15273664969066658,8.605763515348853e-07,-2.6730645676335985
62404.17362302964,5.473747446230675e-06,-0.15915318193858446,8.122679607011508e-06,0.2517658903853384,3.3822714762081745e-07,-0.4151101404539831
62404.67445749687,6.122476959394482e-06,-0.7442803660788789,6.527766412259886e-06,0.6555383577521262,3.0491880465565476e-07,-0.33338933163554835
62405.1752919641,5.533209349167212e-06,1.4171514266087126,7.3965419775588625e-06,-1.6596172071422441,8.827253750985184e-07,-2.050262639867667
62405.6761271774,3.858985809296311e-06,1.571997063476166,4.952999841590335e-06,-1.2900957551725274,4.711812003220192e-07,2.734747090860626
62406.17696164463,4.634047451185521e-06,0.18614266879008082,6.5854622075924095e-06,0.0006256070600075144,3.7215673170466e-07,1.8708239259070811
62406.677796111864,2.1024312218415264e-06,-0.4535980936355589,3.4579215941163516e-06,0.46043976594047514,1.1061093553543258e-06,1.4198677506446578
62407.178631325165,6.95429926105057e-06,0.531109677922023,6.155701267130329e-06,-0.6218834661914129,3.755137426848669e-07,-0.11511605821534424
62407.6794657924,4.841129329260138e-06,1.3041513699896772,3.280666516452117e-06,-1.1920558809746782,9.441776298021525e-07,1.0940166526810688
62408.18030025963,1.1437268514028392e-05,0.6974652132121576,1.6346183153233247e-05,-0.5813098119149572,6.146601898061723e-07,-2.1009886029318814
62408.68113547293,9.825809036264455e-06,-0.11830211086669144,1.0969726347109728e-05,0.09810186796274646,3.631440664296788e-07,-0.03974568318167403
62409.18196994017,1.3445164282222397e-05,-0.6349234204746366,1.6515240281396678e-05,0.6889746744684575,9.371990978383034e-07,0.06453596431182121
62409.6828044074,2.2384653700344602e-05,-0.28610250755291416,2.6505143729007907e-05,0.2949794474773757,6.172380122645593e-07,-0.4524471256362326
62410.1836396207,8.461351581907372e-06,-1.0100492623354531,8.8900892644917e-06,0.8541353791737623,2.408786459406028e-07,1.5772373596140616
62410.68447408793,1.1934558230376478e-05,-1.0241747248825404,1.4046518495813476e-05,1.0149043850107764,2.458384247348004e-07,-0.27743076791586746
62411.18530855516,3.823793530340195e-06,-2.0173601069637437,4.39789373392815e-06,1.9716046234373696,3.939126151021892e-07,-0.8717532526840592
62411.686143768464,1.4184161268198275e-05,-1.6876825543171092,1.5702434032109854e-05,1.7741746206405724,5.178688227077904e-07,-0.08173500444275586
62412.186978235695,6.6943085297898755e-06,-2.5658889830419915,6.937281371139156e-06,2.780994013425911,5.475613486848854e-07,-2.3777186141623896
62412.68781270293,3.9318977367773686e-06,-1.4129085961039065,2.800914832995861e-06,1.2887392618405562,1.1494394769640783e-06,-2.4508543571648502
62413.18864791623,9.092167320560761e-06,-1.7373627364110404,1.0098664840835397e-05,1.6843371210147557,1.202200644200737e-06,-2.4812487794126494
62413.68948238346,9.304731313132955e-06,-0.7654671664580146,9.968653278277541e-06,0.6701230760685276,5.182391945866285e-07,-1.859159177666318
62414.19031685069,7.058641836552777e-06,-1.9497980714910257,7.224569458380937e-06,2.093303491036208,8.12270122285571e-07,1.8655945329727721
62414.69115206399,6.635688553443176e-06,-0.37254358393212794,8.870858649229089e-06,0.6843935519279198,2.632277306197269e-07,-0.18181331072634002
62415.19198653122,5.574210696788582e-06,2.0134519611725508,4.926626089096924e-06,-1.529311010820289,1.2024516306730143e-06,-1.986237020918538
62415.69282099846,6.330087324531235e-06,-1.0778492254250038,8.304941918112867e-06,1.239687420865354,6.493516076841086e-07,1.9095189789394869
62416.19365621176,2.5422251312207946e-06,1.3447268294339925,2.331763016141301e-06,1.36276182778195,8.917166589893077e-07,0.3074847023859969
62416.694490678994,6.296241201540906e-06,0.22321708804953022,7.605636031551518e-06,-2.5743255993695713,3.38694210979517e-07,0.8886436265414653
62417.195325892295,7.745955969915485e-06,-0.7589703460599586,7.33333434121367e-06,-0.10845375522168596,5.757581342773176e-07,-1.9088446598675226
62417.69616035953,9.180080404095403e-06,-1.2751101567035628,9.147545308721671e-06,1.3594274602064715,3.651608244643189e-07,0.7615045490470087
62418.19699482676,9.70344806971723e-06,-0.8561487086770997,1.0154222164208445e-05,0.9650627800630003,4.970686537611959e-07,0.3175430052313417
62418.69783004006,5.296678626046477e-06,-1.1410218248175157,5.659886586649056e-06,0.23518203942235294,7.860271102599623e-07,2.0758682407502738
62419.19866450729,3.663680572841714e-06,-2.452553098282569,3.974908204272187e-06,2.3858473724688034,1.4232588769751286e-06,-2.014626864620692
62419.69949897452,4.075646293125163e-06,-0.5988995209936671,5.085735620011623e-06,1.1091685021942554,4.679891019109363e-07,-0.3825201718141961
62420.20033418782,4.440996370964539e-06,1.3898761469361376,4.759591505591004e-06,-1.837218013174706,8.272502151062025e-07,2.272088136772379
62420.701168655054,3.4267907427347943e-06,1.1308797034644522,4.0934325971434645e-06,-1.2203207640350573,9.475601188328081e-07,0.8169568280655957
62421.20200312229,3.9174168533115845e-06,-0.28378938581237423,4.1044590873130614e-06,0.7886624003503699,3.4892108145698686e-07,-1.1462684746766483
62421.702838335594,5.7413564272158e-06,-1.3289768385542802,9.117205603667286e-06,1.4979469380735797,6.499163277937977e-07,-0.38754722044427553
62422.203672802825,1.0352031257401967e-05,-2.606148947024771,1.3757072328095264e-05,2.625679716583113,1.354178769589007e-06,-2.1952746896430466
62422.70450727006,5.1894054077945995e-06,-2.439433026829213,5.661509480395542e-06,2.1150264180670257,7.494812662077128e-07,-1.4431709639472348
62423.20534248336,3.618852918673142e-06,-1.2081185952693136,4.206275203368798e-06,1.086316903248722,2.911875278009771e-07,0.4881870280518578
62423.70617695059,5.924022416182666e-06,-2.021238291390874,4.242244886559508e-06,2.0924047487697512,3.846773152662083e-07,0.7596177599377011
62424.20701141782,4.529218502111126e-06,1.3266783154311546,6.629028908087058e-06,-1.279176151056938,6.029582427927854e-07,0.6371111784031331
62424.70784663112,6.3588155843640325e-06,0.813577905560098,6.3209380777961295e-06,-0.6605738598554204,3.771109955929917e-07,0.2540959502896494
62425.20868109835,3.7011085326106566e-06,1.357709460966324,4.662216972294351e-06,-1.9173299947570444,3.4805410915316603e-07,-0.3332873246502193
62425.709515565584,1.193452413212728e-05,-1.5664625913122332,1.2505224363639009e-05,1.4764562996302673,5.574220813899515e-07,2.141735185087476
62426.210350778885,8.335751412650344e-06,-0.5639120362827527,8.434728952007659e-06,0.7407635327639003,5.225141085826187e-07,-0.9885951800251627
62426.71118524612,2.7256430785667883e-06,-0.7915910686163253,3.5569426180481686e-06,0.8235032921988213,9.765532831740527e-07,2.342585437957715
62427.21201971335,7.435010032076254e-06,-2.566461769848866,9.605671329464838e-06,2.5034146542808267,4.287252133083639e-07,-2.836026726184288
62427.712854926656,4.323866261702676e-06,-1.9970555681095725,3.353004804901851e-06,2.068267670960993,5.238539880047281e-07,1.8542749577446112
62428.21368939389,9.859333309587074e-06,0.08920964366282244,1.1222598314295928e-05,-0.010063683684202112,5.522280568023137e-07,-0.5690123246636817
62428.71452386112,5.313060103656e-06,2.6573349791663388,4.775179039559682e-06,-2.353828148582177,7.247996582759551e-07,-1.778962153960899
62429.21535907442,8.224149154781655e-06,-0.23202759413546398,9.106319653711465e-06,0.2877865170413232,9.216436077622876e-07,2.1008157410683945
62429.71619354165,6.991125110857707e-06,1.297347214441847,8.686456871261563e-06,-1.0759577979842654,4.155159814860253e-07,0.77957100549609
62430.21702800888,9.19566918961435e-06,1.2402279759750656,1.0359480874084059e-05,-1.0709651811326582,2.505621296071882e-07,-0.7045237605329242
62430.717863222184,3.492691964723026e-06,-1.1422014392981243,3.1882868603584747e-06,1.1065616490023429,1.3995708687197505e-06,2.3715405965999468
62431.218697689415,1.8063401611800832e-05,1.3008129633448535,2.3131017306767872e-05,-1.3366646731368712,5.830715394529266e-07,0.9499588984287581
62431.719532902716,1.968994693367794e-05,-2.1169697704486974,2.3871495730839366e-05,1.9738541136796661,5.155715891100683e-07,-0.2795845539734385
62432.22036736995,8.399193672443273e-06,1.449083529157574,8.82758697420849e-06,-1.5788117459374829,6.306064691200977e-07,-2.6673018326005673
62432.72120183718,9.654900133482551e-06,2.4399058937539198,1.0424476398609664e-05,-2.303112255688167,7.512788074562353e-07,0.15312900539051053
62433.22203705049,2.321309966840731e-06,0.8656942909936133,6.123979769656034e-06,-0.11421505114464696,1.3410367819473613e-06,2.021383152433162
62433.72287151772,8.062779585675286e-06,1.1527764966873706,1.0233949798586287e-05,-1.2054752152389088,6.504008568827154e-07,-0.7404666183310504
62434.22370598495,8.24377252957826e-06,-2.0841632279797317,1.1511540883272008e-05,2.1515116562243506,2.2741907732888018e-07,-0.6301998109210328
62434.72454119825,6.7984933824543994e-06,-1.9620832891162574,6.593434998412767e-06,2.2299334383363383,3.884007730077827e-07,-1.2008115717700305
62435.22537566548,4.062156953458127e-06,-0.5177680723461885,4.271338349261142e-06,0.3360125632185089,1.3890065280104421e-06,0.46727078049045867
62435.726210132714,3.6158536750657066e-06,1.6052818584261002,3.502357824870055e-06,-1.250101088743773,8.021484795498167e-07,-1.4037014784548787
62436.227045346015,7.750373557710727e-06,1.4536286380296142,9.429753083561178e-06,-1.5089107932443973,6.032746097876653e-07,0.3077775222696626
62436.72787981325,8.182101673133978e-06,-1.8534804908685973,9.301743446760466e-06,1.8956613333778385,7.791868347262382e-07,1.5653296102688232
62437.22871428048,2.2856476643091025e-06,1.353893842023097,3.4073929554034386e-06,-0.35647592862697464,6.449008442022043e-07,-0.5112716849348081
62437.72954949378,3.946089371546152e-06,0.18105294336645625,5.569308537120105e-06,0.033967156730542514,9.352261332638274e-07,-1.4818645279682583
62438.23038396101,6.074646133454691e-06,1.2860469233698115,5.422816590231331e-06,-1.2267521889098287,5.608007694974108e-07,0.46133225362418967
62438.73121842824,4.060671921849829e-06,-2.749065332067984,2.662525229352689e-06,0.7357639674480281,3.354720068492402e-07,0.5354088693669996
62439.23205364155,2.882430579944742e-06,-0.3262593221152795,3.8093820910852728e-06,0.10449430653196913,9.43405668589778e-07,0.8357971789604097
62439.73288810878,4.553771607826979e-06,-2.3531168344318707,3.958775380067758e-06,2.4001513231647604,6.353635168305901e-07,-0.4565086983358007
62440.23372257601,9.567588931313048e-06,-1.1775829479467852,1.183652034067513e-05,1.3215040435811551,4.752465582900965e-07,0.807918306867961
62440.734557789314,1.0329630942838139e-05,-1.6333458060076347,1.0869624845347637e-05,1.5045652380464773,1.262939923280627e-06,0.40997506932387373
62441.235392256545,1.5485115039996844e-05,-2.0666347541003014,1.558876597241062e-05,2.091299172209009,4.305407512874253e-07,1.8454805580306648
62441.73622672378,4.210271021964524e-06,1.476316646651095,4.598807030171292e-06,-1.745951062804483,3.7195223086191985e-07,-0.3754370014254651
62442.23706193708,9.309286975917617e-06,0.958277071832935,9.738953242635074e-06,-1.0837855830429082,6.295286671777988e-07,-0.1881441829194161
62442.73789640431,2.7201496061059975e-06,-1.1788625217888251,2.5970081218954167e-06,-0.027180073175921582,4.807144006037231e-07,2.3228876843869686
62443.23873087154,5.6924133178204495e-06,-0.31293358976465596,7.2606297940461225e-06,0.5001871245904828,3.1535569465507626e-07,0.6165794593491191
62443.73956608484,3.754593285437607e-06,0.1388706683664533,3.6276648147819267e-06,-0.5614779975727084,3.005719151815934e-07,0.42980691164012585
62444.24040055207,1.0585067928818906e-05,-0.5173934750134828,1.1190464964671021e-05,0.582223139332127,8.370572180479214e-07,0.3505490847842086
62444.741235019304,2.730131243739571e-06,-1.498825354273661,3.3502638392335928e-06,1.8730747188796337,3.053609061287898e-07,-2.5076095322120393
62445.24207023261,5.211792453616263e-06,1.4734227794683776,7.525317122433873e-06,-1.0660335974433413,5.438128548312285e-07,0.7319136500991599
62445.742904699844,5.781281369510711e-06,-1.8462054866396178,5.8493462366908634e-06,1.395426094699594,3.654662383878613e-07,-0.19644797625030416
62446.243739913145,4.100548995990603e-06,-0.16158328264453645,4.635226358673047e-06,0.41503982258304917,2.5066733644366805e-07,-1.3496343402811999
62446.74457438038,9.701465841510687e-06,-2.839153879337113,1.1391172614453728e-05,2.6900275692017654,5.443162479627017e-07,1.357447025934582
62447.24540884761,9.287298864570786e-06,2.17216916331169,1.24414054245461e-05,-2.5710192956616686,5.896252156786547e-07,1.1241877715685498
62447.74624406091,1.3778597554189452e-05,2.4025105894685685,1.5415193059058947e-05,-2.0698983947046035,8.954806596302525e-07,0.15669611748798987
62448.24707852814,5.423604839339363e-06,0.9972284739421466,7.111108639264917e-06,-1.275304289199654,4.319703872831474e-07,2.3558576212708005
62448.74791299537,6.656179080415324e-06,-2.8303364858194446,6.814627945030812e-06,2.484318046656159,7.647472746648633e-07,0.33063128081367815
62449.24874820867,1.616247053118768e-06,-1.676608545972104,1.5096300683286282e-06,1.4479720932034081,3.103526684921694e-07,2.161695084898973
62449.749582675904,8.117292218616951e-06,0.6906491530339746,8.641242843995446e-06,-0.6724418103428464,7.066897278489582e-07,-2.930073855225384
62450.250417143136,1.315758294444898e-05,1.1484692702209707,1.4292241585795366e-05,-1.064220640501766,5.770317058669923e-07,-0.9941378623147191
62450.75125235644,9.040004939150807e-06,2.8554420495501893,1.0582459115990392e-05,-2.804316348088049,6.158453045487827e-07,-0.15500554018764215
62451.252086823675,2.8199994562904207e-06,1.7589260381832708,2.993003935822642e-06,-1.2985265780432933,6.928191622690963e-07,0.655224700326299
62451.75292129091,6.599318133521482e-06,1.193145775074976,7.724716934450304e-06,-1.0711945930063111,1.1939798325832718e-06,-1.3793476873755741
62452.25375650421,6.3176633474401876e-06,0.93358482727633,7.519850972968706e-06,-1.0311074156397824,3.6303509086307583e-07,-0.5384952390974906
62452.75459097144,8.111603405914004e-06,0.33216172191054494,9.7689782607914e-06,-0.31151814443298836,5.888157418070914e-07,-1.4081908860142465
62453.25542543867,5.469387368170056e-06,-2.5360037649526435,5.060642071016927e-06,1.1632048042271512,5.830722463815212e-07,-0.8257350704756303
62453.75626065197,1.0400547438740361e-05,0.28739301761798747,1.1602745017544153e-05,-0.29751740104561386,5.49201581694789e-07,-0.11139532882333056
62454.2570951192,4.938030368822442e-06,1.3838421958786662,6.481093297879384e-06,-1.5500359908490877,7.996861939518097e-07,2.3136556265396195
62454.757929586434,3.890319087119438e-06,-0.1381883732485242,6.241701878267688e-06,0.37648506517648533,4.5306034686507114e-07,-0.36983337601502697
62455.258764799735,1.3052500290082366e-05,-0.5415357818400364,1.6898687026009335e-05,0.5936847506988442,6.581990791787156e-07,-0.2528490216648027
62455.75959926697,9.054415514396792e-06,0.4832674781111531,1.2204797614929334e-05,-0.4359809298481768,6.194179113967345e-07,1.4912691130384832
62456.2604337342,9.489270475741293e-06,-1.5613336578153056,1.1473810583410032e-05,1.6029094769069012,3.601361339074421e-07,-1.7817468240904895
62456.761268947506,7.214067476322618e-06,-2.5073767703217644,6.8947055509674195e-06,2.2854481124959767,5.586005007502673e-07,-0.02054648194739917
62457.26210341474,3.633114166144364e-06,-0.11845515963865572,3.8539854061846384e-06,-0.2765736213328948,5.018607777031494e-07,1.146830426227828
62457.76293788197,8.419281675961729e-06,0.3432348647694508,9.178240888203684e-06,-0.3240316341602531,5.02872249273378e-07,-0.6389334015915829
62458.26377309527,3.9343108105318255e-06,1.1725603989586313,4.495741882287364e-06,-1.0548840618778148,6.995344581006954e-07,-1.170676840228666
62458.7646075625,7.1769649495576745e-06,0.4909564651213609,6.92746566955335e-06,-0.3283250579131795,1.0780976181497647e-06,-1.2902940820276432
62459.2654427758,4.705289586185575e-06,2.4628061861310653,3.939539378198895e-06,-2.2398291088029048,3.8599487299708607e-07,-1.8278513808875567
62459.766277243034,8.409520395506481e-06,1.1777039334740715,1.1038450692930662e-05,-1.3323128039085155,6.631537211888445e-07,-0.7415237078343063
62460.267111710265,9.241666426804664e-06,0.2694413884685896,1.1813068951715696e-05,-0.12863670628562668,3.456509863021835e-07,-0.8384412239709266
62460.767946923566,4.73107371959542e-06,1.3347677062636563,4.713698445857804e-06,-0.9764070508942511,1.131758147851487e-06,-0.8151660747852756
62461.2687813908,5.5075347135225535e-06,-0.5839763988628444,4.9623808032907145e-06,1.372414890739562,8.54540684194889e-07,0.7964246137345705
62461.76961585803,7.058946351696411e-06,1.6024146238074672,8.681733961935994e-06,-1.7197599611020424,2.9981077649399485e-07,-1.5396234455167526
62462.27045107133,3.614754352390689e-06,-1.6813441693595084,1.615314523796232e-06,0.3616587432988083,4.1942613581281557e-07,-0.1337246897563855
62462.77128553856,9.196709190420719e-06,-0.4065534415362473,1.1513454726543557e-05,0.5277027756016,3.4860374910545113e-07,-1.126241041422195
62463.2721200058,1.163737079677343e-05,-2.193457367229941,1.4000473533245384e-05,2.269211272788349,1.582648993890133e-07,0.9669752789458659
62463.7729552191,9.105556920328042e-06,1.8109324896827297,1.0809652588454608e-05,-1.8242774317938886,7.753907216818963e-07,1.1099037351225707
62464.27378968633,3.282780684167924e-06,-0.2741901277560229,4.366126714605946e-06,1.4847590335441523,4.699811972155995e-07,-1.7641158820594827
62464.774624153564,6.2157340791019405e-06,-2.296783611813539,8.046999574273647e-06,2.618696960357616,8.749200526548895e-07,1.9880440830135868
62465.275459366865,4.834771520756269e-06,0.20751750262995636,4.418160100028625e-06,-0.30969250794300374,2.494438394074796e-07,-1.2936368865151837
62465.7762938341,4.637353644669993e-06,2.679040140339625,6.9902962085289785e-06,-2.8070001001355536,8.345742353120785e-07,1.6123228693272968
62466.27712830133,1.1756992168955317e-05,1.7384518953663979,1.0855990173342547e-05,-1.6071112374194498,2.5613254111291686e-07,0.7779623034666181
62466.77796351463,9.564982726664468e-06,0.5090136376320012,1.1947677231658362e-05,-0.3902525714995057,6.533085688484706e-07,-0.6834627268563275
62467.27879798186,7.662215739559095e-06,0.43469178498849337,9.100246081704936e-06,-0.44112965527217557,4.491807840212826e-07,1.4797088319733895
62467.77963244909,8.578963065838042e-06,1.4524172358522998,7.202644016802021e-06,-1.590901197782117,1.0112558479084223e-06,-1.5282449188093343
62468.28046766239,4.958418187780156e-06,-0.6878984977644124,5.975435656082573e-06,0.6420965877045398,1.4047813044907788e-06,2.787956741525932
62468.78130212963,1.0149111648111262e-05,1.2304929730579657,1.1573540227195664e-05,-1.2782879108026457,7.441178094819794e-07,-1.2184708566131637
62469.28213659686,9.130107146032675e-06,-2.999107191788389,1.3982508387021675e-05,-0.15346133635925835,5.792719918080018e-07,2.902520132312921
62469.782971810164,3.5957631178647646e-06,-1.1876298920912283,2.8434649039248416e-06,0.928519313581102,4.664616307888943e-07,1.0683423920721953
62470.283806277395,7.665662000750127e-06,0.9477719804560829,8.726443611874306e-06,-0.9813563196204959,4.12373987841264e-07,-2.5181147336241554
62470.78464074463,6.6972858776908356e-06,-2.3499074729735545,6.828915482324963e-06,2.4710705323881084,4.358218895579416e-07,1.198539149499075
62471.28547595793,6.190980936309063e-06,1.4448651283855496,5.996021450084812e-06,-1.4522999015570792,1.2385159638635641e-06,-1.2258989992292044
62471.78631042516,5.365755744222426e-06,0.8362615940813672,6.974218813647523e-06,-0.7697140662509357,4.941056051804079e-07,1.6033092066840242
62472.28714489239,3.7784734056553285e-06,0.24896353144672398,3.6614997886660077e-06,-0.684824160927333,6.726095482998291e-07,1.404574813569822
62472.78798010569,2.0469817491596736e-06,-0.1550428638688212,3.048974773613189e-06,0.5728258298045928,4.7530556608517265e-07,1.6432640925909199
62473.28881457292,3.7419708802499007e-06,-0.6433479529520605,4.993627101757272e-06,0.47338411636595795,9.893583122440488e-07,0.108268270122888
62473.789649786224,2.8797000322501164e-06,0.4090062230944503,5.594370920411797e-06,-0.30943510006689257,8.087666071901635e-07,2.21380256653383
62474.290484253455,6.4250309855745886e-06,-0.49079734262135,9.6909285471732e-06,0.2529072230939081,3.4077764854998993e-07,-0.4258840703780937
62474.79131872069,7.842792759836943e-06,2.2228743665919137,8.668643364225575e-06,-2.489332829969874,7.576925380257285e-07,1.1034038910049175
62475.292153933995,5.381910327529461e-06,-0.014108528284010517,4.6795249096241e-06,0.12860343446356035,7.470962777863982e-07,-1.53290722780016
62475.79298840123,4.287629770938296e-06,-1.4622045758794764,5.727938338557445e-06,1.6027256708796895,6.869267169286505e-07,-1.7973078944073997
62476.29382286846,7.483225191486628e-06,-2.4247122132564267,5.948620754283217e-06,2.325730176615372,1.4268338036786427e-06,1.9261645971142063
62476.79465808176,5.198555002889336e-06,-1.69754733408244,6.475894632972661e-06,1.6476383097012366,4.80000006809117e-07,1.079489378761993
62477.29549254899,5.776921610574226e-06,0.7698194016546351,5.878485100730824e-06,-0.5954405677297243,3.5802663183942854e-07,0.6320066210060387
62477.79632701622,3.3208626837363678e-06,1.152065949510159,3.824410888644457e-06,-0.9963503122108025,4.457304549860367e-07,-1.6557724863460692
62478.29716222952,5.448084796226947e-06,-1.7060268775217629,6.832721681028269e-06,1.812039430300167,1.6134434207171824e-07,-2.255240557821121
62478.797996696754,2.384096984437207e-06,-1.070762668579696,4.080764570063156e-06,0.8794760772752286,8.066474679157164e-07,-2.51554515143952
62479.298831163986,5.022047267236582e-06,-2.3001512136274616,5.43066199712851e-06,2.291230388818106,5.10456733436865e-07,0.8364928773460348
62479.79966637729,4.7661344397666e-06,0.8014859117358725,5.414948386954743e-06,-0.8218768270080428,5.601844349071691e-07,-0.33665952874281235
62480.30050084452,4.843487738781933e-06,0.8302534522188988,5.247696252434083e-06,-0.4879804330883344,1.1866132793269966e-06,-1.726078439241041
62480.80133531176,6.18188061671199e-06,2.441845976727333,5.447370279698005e-06,-2.0216510285375566,7.747673638875173e-07,-2.9099138264992814
62481.30217052506,1.1544744662641435e-05,0.6134149226361796,1.1612289954595177e-05,-0.41219332666704805,6.158302431255389e-07,0.23552643603476314
62481.80300499229,2.2664912909582336e-05,0.6249929440690817,2.744076096402146e-05,-0.6107846579716141,2.4320563688336226e-07,0.4230357351645868
62482.30383945952,3.754323765366143e-06,-1.0201548107470955,4.849660837853698e-06,1.1077162881802942,9.520818026080826e-07,2.1198157032211475
62482.80467467282,1.7461318039861343e-06,0.14137749864583424,2.676614676125379e-06,-0.23564061020833385,1.8400423366651213e-07,0.2283416589549688
62483.30550914005,5.378681822730982e-06,-0.08413679547117278,5.674740845205207e-06,0.12548785431680531,7.426217545240033e-07,-0.0510672032784511
62483.806343607284,6.629854768285126e-06,-1.2249532909346759,6.667812641492765e-06,1.1163620302366843,3.4827617703202276e-07,0.9918408457787967
62484.307178820585,6.226659156815663e-06,1.4137939857090116,6.623386227755056e-06,-1.487534570410307,2.648264019777734e-07,0.11866743799912727
62484.80801328782,3.874395932050045e-06,0.02194786258538571,5.326533807326245e-06,0.280038399053305,2.2645708331590712e-07,-0.5124429696716774
62485.30884775505,9.554916319715735e-06,2.1077592502969296,1.0955708129345717e-05,-2.1397836150524916,9.155672571388222e-07,-1.624926849454385
62485.80968296835,7.292474485933843e-06,1.5879227322630889,7.81713467396729e-06,-1.4927506237156618,2.2649565864672593e-07,1.6509442868330886
62486.31051743558,4.217793168882945e-06,1.611230220629633,4.509739357165534e-06,-1.8746395456215712,8.500676567521809e-07,2.6731255310264417
62486.81135190281,4.878440231279864e-06,-2.801350993166953,3.3343417054770824e-06,2.4740132831248527,5.466222113768711e-07,0.8376287089563587
62487.31218711612,4.324354122804367e-06,2.1814481691164245,6.147153613479564e-06,-2.2503550678125994,6.94334200996655e-07,1.6770644067487557
62487.81302158335,4.6780527961476425e-06,-2.777714581267501,6.174647801623279e-06,2.76242867786939,5.942157270102721e-07,1.9081712825095827
62488.31385679665,9.845920752693799e-06,-1.0522384525193562,1.0072137560204373e-05,1.129553722410074,9.443781949516532e-07,-2.9017568055760186
62488.814691263884,9.044923553277345e-06,1.7595893405220375,1.027519862403997e-05,-1.8407464996516028,5.830816409211254e-07,0.3629935686802179
62489.315525731115,5.507493818683775e-06,-1.316776864202538,7.438802025759821e-06,1.276762660806107,6.326877239981617e-07,-1.8912440099296708
62489.81636094442,1.8238990072413312e-06,0.5854359989030686,4.216604931984076e-06,0.15015535242038172,5.653162893760977e-07,0.9116458688554917
62490.31719541165,9.033122376762783e-06,2.139660678303638,9.622695998046387e-06,-2.0001628492903514,8.340883665423829e-07,-2.486832151119696
62490.81802987888,5.577329463717543e-06,-0.39075074862132225,7.008585547801661e-06,2.147638895820218,1.1513059518171145e-06,2.076026561401655
62491.31886509218,1.4861198695629867e-05,-0.21091389827838736,1.957222239568892e-05,0.15372959208980838,1.0809325530455445e-06,-0.5048467068043416
62491.81969955941,8.724349167364658e-06,1.1300216605096909,1.1152705385175764e-05,-1.6909614254809313,6.119278307426008e-07,1.0224652360781064
62492.32053402664,6.0406679117412646e-06,-1.052157401384951,7.3104510542971614e-06,1.5662448706109124,9.170614423121007e-07,2.0781325220947133
62492.82136923995,2.647276694912808e-06,-0.29971929501578215,2.997194928173023e-06,0.28248885411814106,7.322193126832308e-07,1.0719544525312017
62493.32220370718,6.643180740627534e-06,-1.5262823575697735,8.404164189754625e-06,1.3130779389402922,5.97766488923314e-07,1.147784973423691
62493.823038174414,9.025550386326628e-06,0.21842056578952432,9.125028483261922e-06,-0.17739803144843766,3.8691228469783226e-07,-1.196764661380058
62494.323873387715,9.036860091440163e-06,0.5322408286034304,1.0061917682917638e-05,-0.5246831861504038,8.068401456117047e-07,1.8341089821753795
62494.82470785495,4.544723134879958e-06,-0.18843593365235742,5.962309807137771e-06,0.7967152548833936,4.730906628904041e-07,0.1438207763561965
62495.32554232218,7.871150829459948e-06,1.6170821952112602,9.142900489791398e-06,-1.5257641750846784,8.842682614462389e-07,-0.6756218560091057
62495.82637753548,5.855448555337021e-06,-0.5644533218737353,5.335162837511468e-06,0.734634931416804,4.659387814235105e-07,-0.8414272006924841
62496.32721200271,1.09690271887315e-05,-0.9782270233273922,1.3316667759646339e-05,0.9840853715372303,1.0396276081182794e-06,-1.909091414437019
62496.82804646994,7.432068606980231e-06,2.2513075238917604,9.115656712779512e-06,-2.336781980546756,4.719577565183022e-07,-1.725226582269035
62497.32888168324,3.2371904786537355e-06,-0.22137729266433093,3.390703221492056e-06,0.07312504438587132,1.0965318527767052e-06,0.7334869590716214
62497.829716150474,7.420096448781598e-06,-2.0660325386738743,7.98015468078362e-06,1.1351957678120146,1.0799521808420691e-06,1.406246888395492
62498.330550617706,7.184495382004534e-06,0.8938431487565827,9.258321566757653e-06,-0.7138762236185254,5.443225818798393e-07,1.5962966857923446
62498.831385831014,4.189632607173186e-06,-1.7853518079864954,5.3650665879141e-06,1.5191061994970263,6.772281774166897e-07,-0.12429993917441912
62499.332220298245,9.256065133629912e-06,-1.4446700889958823,1.1860195457152045e-05,1.2099715855417865,8.149270094674246e-07,-2.0359298155603978
62499.83305476548,6.176972282607514e-06,-0.10795502727048248,5.785483051759821e-06,0.07380614169702265,6.778961585052285e-07,-2.035215359152805
62500.33388997878,4.92029857709463e-06,-2.2304946306074807,6.910334005330822e-06,1.8149529468446912,9.017994795239644e-07,-1.3328066969978156
62500.83472444601,2.8944623442489025e-06,0.6975732456594789,3.879475205638048e-06,-0.8396882761985014,7.352561929737472e-07,1.0982958505040716
62501.33555891324,2.0642076521506985e-06,1.0055789738155463,2.493185054842252e-06,-1.2704358426275204,3.164350596576657e-07,0.2840945237177545
62501.83639412654,5.492325326278379e-06,2.2269437380522756,6.7031375525169934e-06,-2.1158326875739113,6.899784630871578e-07,2.246270752482342
62502.33722859377,1.0280835189090064e-05,1.416935014788073,1.1424757963868476e-05,-1.3214012782818045,1.4810564248299057e-06,-0.971572363995583
62502.838063807074,1.0002009073139233e-05,0.16792552956428863,1.063464935100923e-05,-0.19126591646145585,1.3712755282307236e-06,1.3138339287818934
62503.338898274305,5.836968977581323e-06,0.8274543109039177,6.643132547771643e-06,-1.002730434791467,1.171036523606179e-06,0.027789327353243024
62503.83973274154,9.617695085947892e-06,-0.2553463344301031,1.2695701320581322e-05,0.026726540456324416,4.3416076591871225e-07,-0.7723044954429207
62504.340567954845,2.7002405926655835e-06,-0.5865389269186669,3.540147957422261e-06,0.21531413610257455,1.953523452366923e-07,0.13526642136028144
62504.84140242208,1.0963680376721025e-05,2.5092751909030695,1.2170789864214864e-05,-2.3616139503734543,2.671125455190007e-07,-1.3135789524553871
62505.34223688931,1.1064774547640882e-05,-1.0761293604174538,1.2495715126968508e-05,1.1496018035350704,1.1612035092355606e-06,-1.714597696122172
62505.84307210261,3.284091872252291e-06,-0.4202492839349378,4.292010282958943e-06,0.4774361261766457,7.129985907839748e-07,0.6532638862029717
62506.34390656984,5.926145411983284e-06,-1.6522403266526067,7.73147907378019e-06,1.7284765899975092,2.939920214903375e-07,-0.9568412146088541
62506.84474103707,5.8205236612658385e-06,1.6575694329152946,8.477371312672723e-06,-1.7961248104537197,5.495573747737296e-07,2.2699046808243653
62507.34557625037,2.776323935164501e-06,0.5446228877453583,5.581067463931961e-06,0.4035129670877306,5.329746067622565e-07,-1.1044173466271068
62507.846410717604,3.0479468982398066e-06,-0.11044710571963931,3.433836308496065e-06,-0.23019060771987712,5.998396208705818e-07,0.06747431089319161
62508.347245184836,3.849733183705821e-06,0.3575691697383853,5.0611073772212845e-06,-0.3462193074881053,8.324804573945069e-07,2.9871764433891554
62508.84808039814,1.004380824409848e-05,2.0069066156118955,1.1192964772181528e-05,-2.125755529264014,7.402599553963737e-07,1.0415147266694842
62509.34891486537,4.4955853461262085e-06,-0.9840824573340305,5.730610434112566e-06,0.9093134095729891,8.519831407852429e-07,-0.08149670417489673
62509.8497493326,3.316223627841091e-06,0.9280584259533862,2.56468203842304e-06,-0.21967032574253734,1.1200310385876113e-06,0.12300383761715569
62510.3505845459,8.440865005781015e-06,-1.7255570862102307,7.731892608977803e-06,1.9249213006023655,1.3131590771204092e-06,-2.736726188180022
62510.85141901314,3.141681793658131e-06,-1.2210369643384134,2.924653827537295e-06,-1.0928263953848125,5.094569971000642e-07,-0.2279116710992259
62511.35225348037,5.665653978865758e-06,-0.49114962070878077,9.45295358318016e-06,0.8923187002085293,8.067692300765887e-07,-0.6125103353183663
62511.85308869367,4.955621868331303e-06,-1.1524836876587696,5.300193010170631e-06,1.0117748088902896,4.4483350944794773e-07,1.2994193634702569
62512.3539231609,7.65194611383461e-06,-2.6759506916452667,8.026496148193658e-06,2.699169372763899,3.5269907363704665e-07,1.5865910807456305
62512.854757628134,1.4101142302929269e-06,-0.8387995846461369,2.7589974005479258e-06,0.17447342952409606,1.6670955846760764e-07,0.17523708531329593
62513.355592841435,4.2840685741449815e-06,1.947824271346197,3.270065736753332e-06,-1.0069054547957041,7.888569304856494e-07,0.8810167049328333
62513.85642730867,5.059560875742917e-06,-1.2293069639933143,4.935417303790816e-06,0.5738652782085506,2.2725179450247868e-07,-2.497596156079142
62514.3572617759,3.7162092226115615e-06,0.34574774079820436,3.6086740787783136e-06,-0.7558880021455895,6.07850996690424e-07,0.5728435397604152
62514.8580969892,7.618473851846197e-06,2.2128635490389708,6.947631241479544e-06,-2.2513649761953523,5.053003909390839e-07,-0.031523431074429335
62515.35893145643,5.6414628723474395e-06,0.9517935610762698,5.172661741755166e-06,-0.2764329005937778,6.442531778148869e-07,1.8636627901980554
62515.85976592366,6.377437792650538e-06,2.120243846699737,7.999608341562293e-06,-2.097299825774695,1.0283321737335516e-06,-1.3926411717650944
62516.36060113697,4.797636643274564e-06,2.7052677557059956,5.453258682823222e-06,-2.6909380258237943,5.307930067737165e-07,2.594201009055564
62516.8614356042,4.468910979473548e-06,-0.5479143954172814,5.217369953538778e-06,0.9355496982052606,5.496329876485216e-07,0.09147684389586812
62517.3622708175,2.2312629482264517e-06,2.3308064237874158,2.6380403540239626e-06,1.3326602267744823,9.690691161206822e-07,-2.849672108970653
62517.863105284734,1.042934332831574e-05,-2.141327804926538,1.2233267945974242e-05,2.2618842227818243,7.605255715896992e-07,2.60112348248278
62518.363939751966,6.813071735063111e-06,1.7457409678863138,5.028335151773514e-06,-1.7815562344191065,5.31543095845629e-07,0.053395245406176794
62518.86477496527,2.8578144568231597e-06,1.1590132123340462,3.7418207415347968e-06,-1.1512922137852235,2.7600508938666807e-07,2.3117416987829897
62519.3656094325,8.72515740233361e-06,-2.563901210333894,1.0428693860693339e-05,1.8988975440101723,7.581561038460918e-07,1.898885605654164
62519.86644389973,8.589748376579129e-06,0.04550664427361993,9.064419988935655e-06,-0.005494408020188005,2.017750513020318e-07,0.273470697793441
62520.36727911303,3.458152039412754e-06,-0.4616854414479878,3.5146259528507056e-06,1.3606129283323822,1.4045683667445188e-06,0.5304512816612065
62520.86811358026,3.3185633394262774e-06,-0.6718657536226573,4.399742843648404e-06,0.9420536010747148,3.7200912806431597e-07,-0.4495065338174595
62521.36894804749,6.019531731638107e-06,0.1264318091013482,7.130473023177464e-06,0.1502515243982018,9.74965757996464e-07,-1.966447239577205
62521.869783260794,4.051559371577564e-06,-0.927732263194166,5.559990558374375e-06,0.9189461898122302,7.577718463294741e-07,-0.8630136275303354
62522.370617728026,3.395225362451157e-06,0.44858310328623846,4.5522921592197725e-06,-0.8603150130059286,4.80197004916783e-07,1.0567759556163734
62522.871452195264,4.341054613749284e-06,-1.5584065752404543,5.929956276166457e-06,1.5967010730993245,2.5708078121935813e-07,0.28294208559423417
62523.372287408565,5.250430084302152e-06,0.6760712307977539,7.414148233405029e-06,-0.43888734730816764,6.196619674029691e-07,-0.2931790580395796
62523.8731218758,6.124059602078224e-06,2.345545537306076,5.5809439250076066e-06,-2.4906153770933694,9.125336070616563e-07,1.677298657503412
62524.37395634303,3.191648189738081e-06,1.4182728852881126,4.223384972626838e-06,-1.50318356408161,5.825485007671924e-07,-0.12082618044110219
62524.87479155633,3.774030271501466e-06,0.5243446259424469,4.398942164395313e-06,-0.6496448607616645,1.3693063250923718e-06,0.7859113387286896
62525.37562602356,8.027180839349288e-06,-1.5396056730178043,8.179154430056088e-06,1.4955820976434686,6.562293196287543e-07,1.1389176889747972
62525.87646049079,6.412787599010459e-06,1.6357469164468372,6.4800367045542195e-06,-1.3866652901560808,7.8705678436173e-07,-0.7486793778329648
62526.37729570409,2.4897607099352183e-06,0.2047435681503163,2.3621992774549044e-06,-0.2940934126113406,7.426550256802586e-07,1.1373640152283828
62526.878130171324,5.689948927695405e-06,0.5924584373082556,7.5887800276997785e-06,-0.7131260851766065,7.257617700773761e-07,-1.440632382662726
62527.378964638556,6.066781445211716e-06,-1.7327904137134793,5.9110142652844246e-06,1.792851349295793,3.74604157665474e-07,0.2638777700092779
62527.87979985186,1.1983006837795408e-05,-2.884729973678708,1.3548418719084277e-05,0.14573774405620377,6.483089717821361e-07,0.46420774870678294
62528.380634319095,6.385190289522519e-07,-1.0810643888276492,1.0672330637020574e-06,-0.30328377733760487,2.723664752533991e-07,-0.08558217806167469
62528.88146878633,6.281213460171986e-06,-0.6562438064761019,7.437504302686558e-06,1.0369171396853714,4.1254982452736226e-07,0.21865282532536132
62529.38230399963,8.043165863976253e-06,-1.6892601246491434,7.847262068577549e-06,2.0075717596577403,7.962052771730903e-07,1.0521671284316194
62529.88313846686,9.866862133180369e-06,-2.052805633680807,1.0962050924266138e-05,2.1734879732770236,3.8277530770125176e-07,-2.084050736892227
62530.38397293409,7.849622042242392e-06,-0.3922381381050907,8.809783112171198e-06,0.5532138060779347,4.276931898615838e-07,1.424337906571838
62530.88480814739,4.170451327756298e-06,0.5911408104759279,4.857587661693992e-06,-0.6283585742847215,2.3589750172437496e-07,0.8281935561851346
62531.38564261462,3.5546012555417227e-06,0.5035589116561775,4.8520180501793824e-06,-0.1597583468190256,7.755046789150577e-07,1.1750576941274258
62531.886477827924,4.891855498054733e-06,-0.7245134321282679,6.1283618358088294e-06,0.7324745097971775,2.4085455459987667e-07,0.38166816704266443
62532.387312295155,5.937416518854875e-06,1.5619640139818993,6.812322509416653e-06,-1.1836719986402646,2.2772954434047453e-07,-1.303851089054493
62532.88814676239,4.557245346274123e-06,-0.31924808703969304,5.253983286699475e-06,0.11099815699238176,1.0770306902285172e-06,2.3248911252278774
62533.38898197569,6.30149594412285e-06,-0.22571800181935214,5.110014390853017e-06,0.19791601770514217,4.460026520371657e-07,1.3304135176379435
62533.88981644292,8.079419079056539e-06,-1.0433951150664689,8.293380015794479e-06,0.936962824952138,1.2460612740895165e-06,-2.107663827989973
62534.39065091015,5.519514564077625e-06,0.2956412946044235,5.323216406783209e-06,-0.5212010047135335,4.882148038244074e-07,2.1104238526974703
62534.89148612346,6.522334730285885e-06,0.5371313936928961,9.415394707148187e-06,-0.7220972884385841,1.6105467936941988e-07,0.6091613460346933
62535.39232059069,3.339533792361469e-06,0.1284419775507918,3.307528941200363e-06,-0.18178168085491406,9.429551773986286e-07,0.6201268962748061
62535.89315505792,8.563114904145442e-06,-1.6193591077044591,8.922365818118573e-06,1.8780917920347004,7.102570657003081e-07,-2.1261957266484908
62536.39399027122,4.073615606353996e-06,0.7098516826742406,4.249351695423129e-06,-1.20186358076234,2.6752005248292724e-07,-0.3707019383427013
62536.894824738454,3.7182462433343078e-06,-0.9221307443227504,3.940560708277065e-06,1.1232013405668304,6.668873218039845e-07,-0.14169768820273823
62537.395659205686,3.5707497814282836e-06,1.42042622602925,3.841915586188593e-06,-1.2443617970624548,4.111441589328803e-07,-1.3389321615379046
62537.89649441899,5.4070222925848975e-06,0.4961285421154188,3.4384040126171183e-06,-0.8474737518421354,6.007475613020514e-07,1.4955565901218058
62538.39732888622,9.93704371786274e-06,0.6736593834257466,1.2419221590425556e-05,-0.6804410955727892,5.30109263370237e-07,2.003738434514507
62538.89816335345,8.040910308514118e-06,1.376482716496594,1.097273709091783e-05,-1.5221166102189194,7.666787720659626e-07,1.485440154946037
62539.39899856675,1.1895796771413306e-05,0.8839038822747141,1.2301620244907533e-05,-0.9625949125715342,6.935013244991792e-07,0.7029969066048272
62539.89983303398,6.477987357138919e-06,1.472158253571387,6.525706749658753e-06,-1.3159252204712903,1.2337530293927826e-06,1.0732138712772534
62540.40066750122,5.831227108405495e-06,1.400293076861945,6.435965830304735e-06,-1.6626282380868411,9.759729437897054e-07,0.03657255551922186
62540.90150271452,3.298139075851634e-06,-1.3142235999215546,2.175415909036956e-06,0.6932823898508839,5.593396795644022e-07,0.36959915812537997
62541.40233718175,9.639513416507449e-06,0.6393184326918068,1.4990947239042399e-05,-0.5659832822586621,3.2766443540957103e-07,1.2774148113050499
62541.903171648984,2.2172108295074108e-05,0.7018817654693768,3.0381762300276738e-05,-0.8067049127197189,1.5363205987703839e-06,-0.3064884664791127
62542.404006862285,5.6368106807609885e-06,0.5201284528903839,8.423676602581434e-06,-1.345704545675719,5.122285362001829e-07,-2.0319969385901646
62542.90484132952,6.221493665357639e-06,2.5818296885189174,7.5680556905077476e-06,-0.7946562927331131,4.5578405334742396e-07,2.153902049026218
62543.40567579675,9.29053295716438e-06,2.7267368384745074,1.0640558887117087e-05,-2.6253091100892574,3.2395415251504507e-07,-0.003540432045301266
62543.90651101005,9.212138066353746e-06,0.9524836523483942,9.314231463620842e-06,-0.803461325821053,6.594609016226896e-07,2.4116922928136177
62544.40734547728,2.481908822588512e-06,-2.119219001646409,3.859838684327015e-06,-1.9272899759871243,7.455206758284742e-07,-0.3717100150506269
62544.90817994451,5.695556531516249e-06,2.2752735823183596,5.462581529117622e-06,-2.126753224266339,1.4245239236442966e-06,-0.9459011598816616
62545.40901515781,5.2451608502870885e-06,-2.5439183096186944,5.591781049483095e-06,2.5942415888392825,1.2827962891504138e-06,2.1495074962768386
62545.909849625044,5.5097815490940825e-06,1.681254835697983,8.358519004092382e-06,-1.6321029316577766,1.1418108938644363e-06,-1.2515772407589167
62546.41068483835,9.015752481891746e-06,-0.1634637731673837,1.0038860441677108e-05,0.32919360926953156,1.0132244829648408e-06,-1.9572537356282655
62546.911519305584,3.7199476547259725e-06,0.06282026445900485,2.33519246032465e-06,-0.4259806305238528,5.877553207033967e-07,1.5988064323224842
62547.412353772816,3.8660024717671316e-06,0.15515693149261328,5.367917275989236e-06,0.0851206356493868,1.0206220500535555e-06,-1.8126991239090604
62547.91318898612,6.148550070245472e-06,0.010187208500497345,7.688691785655488e-06,0.27113330066570057,4.471064444046903e-07,-1.185788787861243
62548.41402345335,1.0645941046469362e-05,-2.64325941008795,1.3058579429976543e-05,2.563837180889335,5.559574956754733e-07,-1.757459658846522
62548.91485792058,4.089142498325877e-06,1.4489584732324168,8.206095199735689e-06,-1.2701897708979344,2.362087077894416e-07,1.748876755103091
62549.41569313388,3.1501513384999026e-06,1.1418397600258057,3.7133086693081863e-06,-2.405954356713351,1.1926253894570546e-06,1.3933768861278166
62549.91652760111,1.0479222886672705e-05,-2.7320460612162836,1.390285468189413e-05,2.8269607360863884,4.902582399825705e-07,0.9398153856749873
62550.41736206834,7.80241227543415e-06,0.37592838171530096,9.272337181314638e-06,-0.13052378608552523,5.090820743050249e-07,-1.259382857144972
62550.918197281644,3.497856652464426e-06,0.2935974633346046,3.768222684380578e-06,0.020300662727753663,3.651462357859364e-07,-1.4450970964563024
62551.419031748876,1.1960966858449081e-05,2.349947064280673,1.5280368827707243e-05,-2.5532680571917865,5.311784061891086e-07,1.8145879957238922
62551.91986621611,4.240896756911416e-06,0.5367978583593804,5.275560134969169e-06,-0.2647605034254788,4.812206888797742e-07,-1.985713601352717
62552.420701429415,2.9818256727624575e-06,0.005147599204836632,2.7862962216239555e-06,0.2975437804122781,6.483461281737064e-07,-0.37123622651891486
62552.92153589665,4.993894475089131e-06,1.3039189135801492,5.854682074470844e-06,-1.4443356160645142,6.9158887827028e-07,-2.825103598140822
62553.42237036388,3.354423105343614e-06,0.7122087913272142,4.418637847011811e-06,-0.12457313771118794,9.028242235648749e-07,-1.2897353166369272
62553.92320557718,7.603917729883832e-06,0.370638784478451,9.63142058097549e-06,-0.3849843726211636,4.180291031844951e-07,1.1911132804919478
62554.42404004441,5.208763454921275e-06,2.268710444527208,5.957388093412494e-06,-1.1532630474595518,4.6508009204069776e-07,0.24405997447979622
62554.92487451164,4.192752812443151e-06,1.6398595537426044,4.1557047219393125e-06,-1.675688191658867,1.2485040644784024e-06,1.5315952311515533
62555.42570972494,5.893761203849179e-06,0.9661591223543838,6.9171374810981696e-06,-1.042752990698469,6.843994756340059e-07,-1.1987847186902891
62555.926544192174,3.41072343947798e-06,0.351534307895688,4.897740488915717e-06,-0.3373595108468329,7.80659781854749e-07,-2.330839690528658
62556.427378659406,5.212646716548072e-06,-2.2643623782255236,4.471544334844806e-06,2.1611475093180577,3.935170227326188e-07,2.4259041955575076
62556.92821387271,5.7718713165655295e-06,2.0798207191393754,7.74316064607729e-06,-2.0731306381148933,3.9261403914029884e-07,0.25634636908712055
62557.42904833994,4.1838000024105e-06,-0.02942256326424227,4.367210508154621e-06,0.37500706414852253,1.4288122429928881e-06,-2.01414383293945
62557.92988280717,1.031711741433197e-05,2.272792933981336,1.035060054819633e-05,-2.2167910291866906,1.1031736057073925e-06,1.7064151337067168
62558.43071802048,6.335977562069503e-06,1.1692634483049282,5.978139597084679e-06,-1.284279166108904,1.0580100104035597e-06,-1.2696215819582835
62558.93155248771,5.1010547021936025e-06,1.295036140897873,4.69842972355037e-06,-1.3274862256154882,6.164865188731715e-07,-0.17991360295068182
62559.43238695494,7.611279855016963e-06,0.18755280335151986,8.716502856353236e-06,0.1679949191531385,4.032024711632359e-07,-0.609159130971347
62559.93322216824,5.821140221417597e-06,-1.5065599660471873,7.289575734896762e-06,1.593085692516505,5.695963632235964e-07,-0.09231107705336286
62560.43405663547,9.170129167899055e-06,2.168126254767774,7.692382232786677e-06,-2.1903991764639543,9.06767267996127e-07,0.15732302485130878
62560.934891848774,4.019096205599203e-06,0.2350323344126294,5.53892874234642e-06,-0.30773685080747776,3.814545562907501e-07,-1.4743282056347058
62561.435726316005,6.758427167434091e-06,1.226579186178385,8.32330081031969e-06,-1.186308032478946,2.1450554369595764e-07,-1.4497428083352504
62561.93656078324,6.0338124971985e-06,-2.382006301366236,7.130643420304719e-06,2.163012569521145,7.561069745605127e-07,-0.8193674349020788
62562.43739599654,4.910301350489588e-06,-1.998686394231221,4.9638497424811436e-06,1.535906959381737,8.609567589042961e-07,-0.3269296441605039
62562.93823046377,5.501481828204386e-06,2.304475799176985,6.019071061149013e-06,-2.5438831565993714,7.850430041779635e-07,-2.4931925951839604
62563.439064931,4.694937346824322e-06,-2.9251331364765307,6.427983529868243e-06,1.1141403602972901,4.544683445896923e-07,-0.7557716922526152
62563.93990014431,1.3183595358148307e-05,-0.1817276715140657,1.550615644998135e-05,0.12835298765662773,9.990835042075599e-07,1.2223853573738297
62564.44073461154,5.742933260408266e-06,2.109005808344339,8.912756694113375e-06,-2.1713759546624116,8.163661236883825e-07,-1.2262043380275136
62564.94156907877,2.680027548953913e-06,-0.3379792726117432,4.387271044497387e-06,0.38406069628986306,4.40992484435633e-07,-1.586578298281701
62565.44240429207,4.0420524733112885e-06,-0.5455831966271253,4.311864315473216e-06,0.3742008375558555,1.4164264763374114e-06,-1.1576216809523545
62565.943238759304,8.545325743799105e-06,-1.3521441975907722,9.962988097785883e-06,1.2750320481541046,5.690275312360231e-07,-0.9337765268210245
62566.444073226536,5.0241979008097835e-06,0.538844423600295,5.18216560229391e-06,-0.636803801659081,6.285857521219036e-07,2.1960064038325915
62566.94490843984,7.671503017030296e-06,0.723924042532028,9.971517769520302e-06,-0.8568254397264562,1.2259695950391343e-06,2.018384769012956
62567.44574290707,9.28128009793413e-06,-0.4385545610636576,7.788240535415728e-06,0.4461781285607127,6.520808572479706e-07,1.1970829116908126
62567.9465773743,1.0491246443303254e-05,-0.4024901554902015,1.0132668790796495e-05,0.37189408528641965,4.6269717024561535e-07,-1.318860995342337
62568.4474125876,3.43338743477207e-06,-1.5486861130885725,2.906491525577641e-06,2.0711634172298385,8.614494717470922e-07,-1.8519029788105323
62568.94824705483,8.592795366324951e-06,-0.6038192284579214,1.143345487012622e-05,0.7661925308244921,1.4628275041340612e-06,2.4445713871385384
62569.44908152206,7.305082290898827e-06,0.7574168301873614,8.858051959518101e-06,-0.5293901603499921,1.2112302126971529e-06,1.7160778557922063
62569.949916735364,6.6740932874185224e-06,1.0407925304816277,7.730773224313745e-06,-1.0275581298922847,1.3858526640666136e-06,-0.2230028248125042
62570.4507512026,8.655695506459463e-06,1.9396621426456657,7.886313478430268e-06,-1.9476857886676386,8.345292604304976e-07,1.1530516477749873
62570.951585669834,7.026145946172417e-06,0.30038945146715273,7.37782097580092e-06,-0.061934345669945434,7.00406289285131e-07,-2.285647396249021
62571.452420883135,6.539361847793729e-06,0.4918026695503215,7.683557655806284e-06,-0.23566949378319416,3.133556628692302e-07,1.026584949423227
62571.95325535037,1.0189089872548568e-05,1.7052447171581313,1.1507058899254126e-05,-1.8486507449862544,5.080376196849502e-07,0.4482904613917549
62572.4540898176,8.993206491517138e-06,-0.07311799764748354,8.45573885678571e-06,-0.021460260398972007,4.937775792694875e-07,-0.12077371978217048
62572.9549250309,4.467581202659939e-06,0.8861428282046595,3.905008544626399e-06,-2.0953125577217495,7.11891469199047e-07,-0.4819710756266899
62573.45575949813,5.571126129118986e-06,-0.5733896594601657,7.383664337443899e-06,0.4138488712596879,3.553506451731706e-07,-2.2437426045835185
62573.95659396536,2.7128048773877106e-06,-0.6662723010512913,4.364844943211554e-06,-2.511132725906652,7.366464062303746e-07,2.375481152143887
62574.45742917866,7.217678641484968e-06,-0.5571297678332445,7.731579361742703e-06,0.6654335996871337,2.989662119598132e-07,1.3155794673132148
62574.958263645894,9.429902218559137e-06,1.6827139649135963,1.1291587015396518e-05,-1.7218315014277672,1.026578742634769e-06,2.261692235772657
62575.459098859195,7.49770965620027e-06,1.6805610063989724,8.73947325818247e-06,-1.5654512431174847,4.351964984625684e-07,-1.2777928407226296
62575.959933326434,5.814399862362853e-06,0.36123150125950954,7.295736272105987e-06,-0.42012867085367184,7.755464205393371e-07,-1.88640177360464
62576.460767793666,4.581571552191512e-06,0.6769688661208478,4.249055625610932e-06,-0.6838376475216611,5.820221145984293e-07,1.0955139040329902
62576.96160300697,3.9987342073447285e-06,-1.6203699485619667,3.493960704501718e-06,1.5640686717047403,6.591295488580694e-07,2.1173999058478854
62577.4624374742,4.671901808876619e-06,1.0312155859345071,7.150013964328526e-06,-1.1296811070155728,1.1858652665358167e-06,-0.7987859496795725
62577.96327194143,5.326464588835058e-06,1.2226854032911287,6.494502366811016e-06,-0.9568105764816047,7.588880407592393e-07,2.1010602693663163
62578.46410715473,4.765726810931382e-06,-0.7655902559554699,6.569973386292696e-06,0.7943887900079043,3.1973313746281e-07,-0.617778352947134
62578.96494162196,5.272324030880528e-06,-1.2536401837373432,5.425775460156895e-06,1.0421870581045984,6.889656399129493e-07,1.274013785730674
62579.46577608919,3.4989111696958213e-06,-1.646010357875926,4.397540432541002e-06,1.6610749131992206,4.7582119389906567e-07,1.5345531720947012
62579.966611302494,5.945834568751118e-06,-1.3280278708595672,5.4699837113783264e-06,1.1461175040655236,2.010049065046781e-07,0.27903039010071307
62580.467445769726,2.7298045031179362e-06,0.35618607402704844,4.313626437180647e-06,-0.9402016824310246,1.6461096238923394e-07,-1.9288554920502434
62580.96828023696,5.691356764802049e-06,0.8875839610430766,6.987217461998232e-06,-0.804538395028991,7.694882360908646e-07,1.3497938770840958
62581.46911545026,1.0601828059369397e-05,-0.14312263714644896,9.80868223366708e-06,0.2658245207033821,7.079683988668731e-07,-0.7601363647210612
62581.96994991749,2.354402053986002e-06,0.424092652887486,2.4007278619156747e-06,-0.7699180672890106,3.421094064862279e-07,-1.8627208172107013
62582.47078438473,6.645799594142565e-06,0.1780616593802904,6.41450213103058e-06,0.045812995765434905,9.069120120710722e-07,-2.8612898922762504
62582.97161959803,4.327823879396897e-06,-1.7476358571613932,6.407142367135956e-06,1.894129803418229,8.707345257786923e-07,0.6584612650632892
62583.47245406526,4.1445581679729525e-06,1.2082974833805473,4.9436532135689175e-06,-1.002200346067506,3.8010619968717036e-07,-1.1718547198941895
62583.97328853249,4.0264655931631745e-06,-0.7227286603165185,2.6019074359706663e-06,-0.16275242150924785,9.673932946072333e-07,0.908005492616981
62584.47412374579,5.501537270874027e-06,0.5230227759719234,5.1765553421045015e-06,-0.45482239798744173,5.406239889543304e-07,-0.7650939961045768
62584.974958213024,1.5471590379071146e-05,-2.660071480909328,1.6439799605452116e-05,2.7254866989555255,6.917869596343115e-07,1.8347276952610057
62585.475792680256,7.194040150765513e-06,-2.0204315884995343,8.627541426063926e-06,1.9005987874199481,5.233391668425018e-07,-2.6163638883821316
62585.97662789356,7.649750300273733e-06,1.1903503769121917,7.74935005088415e-06,-0.8696283096274806,4.808629618022112e-07,-1.5761146093896146
62586.47746236079,6.484024648089137e-06,1.0548723388351235,6.0824046265067316e-06,-1.2149780684804616,3.390278436932565e-07,-0.3534007777087335
62586.97829682802,8.065035473246466e-06,2.520491332680602,8.172634180291601e-06,-2.4788954106663987,4.4331167343508673e-07,-1.5019676331491094
62587.47913204132,9.177375156257778e-06,2.935332760491569,9.563860371240992e-06,-2.748862486371799,2.8977845523455803e-07,2.6687596419203197
62587.97996650856,3.427025230976324e-06,1.350719384488162,3.5683941762316987e-06,-1.1139195995237552,1.1607566997186432e-06,-0.8578797702379762
62588.48080097579,5.637652888092641e-06,1.0218525165783854,5.826525321377852e-06,-1.0693251599303293,5.062652573079068e-07,-0.5440849084717706
62588.98163618909,1.2414104139874755e-05,0.6799455960585273,1.5491493891868756e-05,-0.6375711264690244,7.001129786981758e-07,1.1582847331060921
62589.48247065632,1.0527152410873692e-05,-1.5158461898082771,1.0567257204051332e-05,1.6397367322439176,3.267027490989063e-07,-1.465453094403953
62589.983305869624,3.371944683727704e-06,-2.555861734193407,2.068197044817061e-06,2.32919503254091,2.1756466755602918e-07,0.37775098533327817
62590.484140336855,1.908979694785841e-06,1.525327580555834,3.0169135724115208e-06,-2.0289427146409085,7.354067869234992e-07,-2.994961341772951
62590.98497480409,7.059184806639225e-06,2.597633002633816,7.859055537596774e-06,-2.476547568849286,3.667038411765432e-07,-1.3584620098771636
62591.48581001739,4.731463521495051e-06,1.1061746989115264,3.350425174051823e-06,-1.082586265850487,9.350342834765877e-07,-1.9152619513236946
62591.98664448462,3.4008488030869147e-06,-1.218063390059849,3.7026423075558325e-06,1.0791780859528304,7.894407048152611e-07,-1.8622138066092755
62592.48747895185,8.200561898079956e-06,2.023858323124662,1.080173808693872e-05,-1.7588836028698405,8.030601531399261e-07,0.23111967716452758
62592.98831416515,7.966710940969552e-06,-1.872638396219555,1.0079975822304657e-05,1.6231259061559709,1.8770523991759311e-07,-1.0061242139577784
62593.48914863238,5.6069945839975314e-06,-1.8721452039481596,6.9260434745921245e-06,-0.526085523003146,7.354091500300741e-07,0.22962839332189988
62593.989983099615,2.54843054578575e-06,2.215018067344783,3.3837784525357313e-06,-0.6689164819216614,6.843690819088109e-07,2.6596193407432462
62594.49081831292,7.16171342975528e-06,-2.513716691633028,6.476828559278985e-06,1.3016354754105988,9.278035549703953e-07,-1.5692014070230593
62594.991652780154,8.264726505246144e-06,0.5171022150377598,8.986259835488561e-06,-0.3597251421738009,4.3144258199844966e-07,0.8368839945135638
62595.492487247386,5.436229348197943e-06,-2.778248357110583,5.923880192077544e-06,2.5083671559479934,2.962815324508154e-07,0.6442285155105164
62595.99332246069,9.139053893161965e-06,-1.3517181172084092,1.1140304448105628e-05,1.2761308028722311,7.50481148498945e-07,-1.2414286498523162
62596.49415692792,9.329397031961898e-06,2.481509901459684,1.2542346464051931e-05,-2.6015646974336324,7.126338080226447e-07,0.39196822883835547
62596.99499139515,6.711415372811753e-06,-1.8235475114493478,6.590876584548049e-06,1.9252831592658015,1.0010889964881774e-06,-1.6579349839032622
62597.49582660845,7.050161940648455e-06,1.6765154025506868,7.049367229216622e-06,-1.8967228775349467,8.85143517388585e-07,-1.3271656405972738
62597.99666107568,1.1244690011713754e-05,-2.3455781491787455,1.1735722781548873e-05,2.2843197608549013,9.31018253624557e-07,2.5124434915595732
62598.49749554291,9.196604209389277e-06,1.2469757831582469,9.316609468242352e-06,-1.0650058821190456,8.606435250688845e-07,-2.643521724441281
62598.998330756214,5.618424796998718e-06,0.5910234953431781,7.973424198802363e-06,-0.2988050646876506,5.266495705509008e-07,1.6993952862052837
62599.499165223446,6.58886909122515e-06,0.5051629738200023,7.705559965324221e-06,-0.28120409050024664,6.137577724435087e-07,-2.2045930455554106
62599.999999690684,4.064646045984308e-06,0.2650738113361753,4.894314217513461e-06,-0.19637749234823498,2.6057273665541465e-07,-1.863539616314862
